Scheduled,Start,End
1664436638.14,1664436638.144,1664436638.181
1664436648.522,1664436648.546,1664436648.6
1664436658.893,1664436658.926,1664436658.973
1664436669.334,1664436669.368,1664436669.423
1664436679.687,1664436679.711,1664436679.767
1664436689.997,1664436690.015,1664436690.07
1664436700.392,1664436700.419,1664436700.474
1664436710.731,1664436710.749,1664436710.79
1664436721.121,1664436721.165,1664436721.214
1664436731.446,1664436731.462,1664436731.503
1664436741.794,1664436741.797,1664436741.848
1664436752.259,1664436752.289,1664436752.341
1664436762.523,1664436762.529,1664436762.565
1664436772.869,1664436772.871,1664436772.92
1664436783.285,1664436783.306,1664436783.371
1664436793.698,1664436793.726,1664436793.779
1664436803.986,1664436803.988,1664436804.022
1664436814.371,1664436814.396,1664436814.446
1664436824.731,1664436824.736,1664436824.792
1664436835.106,1664436835.11,1664436835.153
1664436845.457,1664436845.46,1664436845.503
1664436855.821,1664436855.824,1664436855.86
1664436866.201,1664436866.223,1664436866.274
1664436876.553,1664436876.582,1664436876.63
1664436887.187,1664436887.208,1664436887.25
1664436897.555,1664436897.595,1664436897.65
1664436907.899,1664436907.924,1664436908.09
1664436918.241,1664436918.245,1664436918.285
1664436928.612,1664436928.645,1664436928.695
1664436938.97,1664436938.995,1664436939.036
1664436949.306,1664436949.312,1664436949.347
1664436959.687,1664436959.717,1664436959.77
1664436970.005,1664436970.099,1664436970.155
1664436980.357,1664436980.374,1664436980.422
1664436990.69,1664436990.712,1664436990.773
1664437001.022,1664437001.024,1664437001.066
1664437011.364,1664437011.368,1664437011.432
1664437021.771,1664437021.807,1664437021.868
1664437032.145,1664437032.175,1664437032.221
1664437042.461,1664437042.465,1664437042.502
1664437052.822,1664437052.853,1664437052.899
1664437063.203,1664437063.228,1664437063.283
1664437073.536,1664437073.562,1664437073.603
1664437083.924,1664437083.928,1664437083.959
1664437094.264,1664437094.29,1664437094.337
1664437104.609,1664437104.611,1664437104.642
1664437114.958,1664437114.961,1664437114.989
1664437125.348,1664437125.378,1664437125.634
1664437135.933,1664437135.95,1664437135.996
1664437146.276,1664437146.307,1664437146.375
1664437156.644,1664437156.671,1664437156.722
1664437166.983,1664437167.005,1664437167.044
1664437177.35,1664437177.389,1664437177.437
1664437187.673,1664437187.698,1664437187.744
1664437198.031,1664437198.066,1664437198.117
1664437208.427,1664437208.429,1664437208.466
1664437218.815,1664437218.846,1664437218.896
1664437229.199,1664437229.236,1664437229.302
1664437239.478,1664437239.496,1664437239.562
1664437249.818,1664437249.822,1664437249.848
1664437260.163,1664437260.166,1664437260.215
1664437270.517,1664437270.544,1664437270.603
1664437280.865,1664437280.868,1664437280.899
1664437291.21,1664437291.229,1664437291.28
1664437301.569,1664437301.573,1664437301.598
1664437311.939,1664437311.964,1664437312.009
1664437322.582,1664437322.597,1664437322.642
1664437332.925,1664437332.941,1664437332.992
1664437343.288,1664437343.326,1664437343.381
1664437353.66,1664437353.678,1664437353.744
1664437363.981,1664437364.004,1664437364.052
1664437374.363,1664437374.393,1664437374.45
1664437384.999,1664437385.026,1664437385.071
1664437395.407,1664437395.413,1664437395.443
1664437405.741,1664437405.77,1664437405.809
1664437416.109,1664437416.112,1664437416.15
1664437426.463,1664437426.466,1664437426.499
1664437436.811,1664437436.838,1664437436.874
1664437447.174,1664437447.21,1664437447.265
1664437457.52,1664437457.523,1664437457.559
1664437467.882,1664437467.885,1664437467.922
1664437478.21,1664437478.212,1664437478.262
1664437488.554,1664437488.571,1664437488.619
1664437498.917,1664437498.921,1664437498.954
1664437509.27,1664437509.273,1664437509.299
1664437519.627,1664437519.647,1664437519.715
1664437529.975,1664437530.008,1664437530.065
1664437540.35,1664437540.352,1664437540.397
1664437550.749,1664437550.757,1664437550.785
1664437561.098,1664437561.134,1664437561.194
1664437571.473,1664437571.497,1664437571.554
1664437581.822,1664437581.826,1664437581.851
1664437592.174,1664437592.202,1664437592.259
1664437602.531,1664437602.556,1664437602.6
1664437612.864,1664437612.866,1664437612.891
1664437623.273,1664437623.298,1664437623.348
1664437633.871,1664437633.894,1664437634.098
1664437644.26,1664437644.277,1664437644.32
1664437654.625,1664437654.65,1664437654.691
1664437664.978,1664437664.98,1664437665.028
1664437675.359,1664437675.382,1664437675.422
1664437685.755,1664437685.786,1664437685.84
1664437696.099,1664437696.101,1664437696.129
1664437706.447,1664437706.468,1664437706.524
1664437716.796,1664437716.799,1664437716.829
1664437727.198,1664437727.222,1664437727.259
1664437737.592,1664437737.598,1664437737.653
1664437747.918,1664437747.946,1664437747.987
1664437758.304,1664437758.322,1664437758.37
1664437768.684,1664437768.72,1664437768.821
1664437779.058,1664437779.071,1664437779.232
1664437789.422,1664437789.426,1664437789.467
1664437799.826,1664437799.854,1664437799.913
1664437810.217,1664437810.254,1664437810.29
1664437820.594,1664437820.612,1664437820.677
1664437830.928,1664437830.931,1664437830.973
1664437841.337,1664437841.365,1664437841.418
1664437851.656,1664437851.658,1664437851.686
1664437862.1,1664437862.143,1664437862.188
1664437872.44,1664437872.443,1664437872.477
1664437883.094,1664437883.118,1664437883.163
1664437893.489,1664437893.523,1664437893.684
1664437903.811,1664437903.815,1664437903.853
1664437914.168,1664437914.197,1664437914.25
1664437924.527,1664437924.531,1664437924.579
1664437934.9,1664437934.93,1664437934.981
1664437945.241,1664437945.264,1664437945.34
1664437955.591,1664437955.626,1664437955.68
1664437965.963,1664437965.978,1664437966.028
1664437976.334,1664437976.359,1664437976.393
1664437986.649,1664437986.679,1664437986.74
1664437996.954,1664437996.98,1664437997.043
1664438007.402,1664438007.438,1664438007.474
1664438017.786,1664438017.814,1664438017.977
1664438028.138,1664438028.172,1664438028.229
1664438038.491,1664438038.521,1664438038.56
1664438048.85,1664438048.883,1664438048.934
1664438059.203,1664438059.232,1664438059.295
1664438069.561,1664438069.579,1664438069.622
1664438079.893,1664438079.897,1664438079.923
1664438090.283,1664438090.288,1664438090.35
1664438100.65,1664438100.687,1664438100.755
1664438110.996,1664438111.02,1664438111.075
1664438121.375,1664438121.391,1664438121.44
1664438131.931,1664438131.955,1664438132.005
1664438142.345,1664438142.362,1664438142.396
1664438152.788,1664438152.859,1664438152.917
1664438162.98,1664438163.002,1664438163.042
1664438173.314,1664438173.316,1664438173.352
1664438183.7,1664438183.725,1664438183.768
1664438194.012,1664438194.046,1664438194.115
1664438204.361,1664438204.387,1664438204.429
1664438214.728,1664438214.734,1664438214.782
1664438225.023,1664438225.058,1664438225.102
1664438235.365,1664438235.39,1664438235.434
1664438245.708,1664438245.735,1664438245.793
1664438256.053,1664438256.077,1664438256.124
1664438266.377,1664438266.392,1664438266.432
1664438276.727,1664438276.749,1664438276.803
1664438287.09,1664438287.128,1664438287.187
1664438297.401,1664438297.424,1664438297.468
1664438307.918,1664438307.937,1664438308.015
1664438318.114,1664438318.117,1664438318.154
1664438328.449,1664438328.47,1664438328.526
1664438338.814,1664438338.837,1664438338.891
1664438349.156,1664438349.173,1664438349.228
1664438359.523,1664438359.541,1664438359.604
1664438369.834,1664438369.851,1664438369.897
1664438380.481,1664438380.5,1664438380.576
1664438390.835,1664438390.849,1664438390.889
1664438401.324,1664438401.354,1664438401.393
1664438411.675,1664438411.684,1664438411.72
1664438422.034,1664438422.059,1664438422.107
1664438432.374,1664438432.377,1664438432.412
1664438442.727,1664438442.753,1664438442.79
1664438453.081,1664438453.096,1664438453.153
1664438463.492,1664438463.514,1664438463.571
1664438473.835,1664438473.837,1664438473.874
1664438484.237,1664438484.241,1664438484.294
1664438494.55,1664438494.582,1664438494.628
1664438504.916,1664438504.936,1664438504.999
1664438515.268,1664438515.295,1664438515.348
1664438525.637,1664438525.66,1664438525.729
1664438535.993,1664438536.012,1664438536.061
1664438546.337,1664438546.34,1664438546.38
1664438556.727,1664438556.731,1664438556.775
1664438567.106,1664438567.136,1664438567.19
1664438577.441,1664438577.467,1664438577.52
1664438587.8,1664438587.803,1664438587.847
1664438598.148,1664438598.152,1664438598.187
1664438608.494,1664438608.514,1664438608.569
1664438618.855,1664438618.873,1664438618.925
1664438629.445,1664438629.477,1664438629.53
1664438639.825,1664438639.839,1664438639.885
1664438650.186,1664438650.202,1664438650.247
1664438660.557,1664438660.574,1664438660.635
1664438670.908,1664438670.93,1664438671.01
1664438681.226,1664438681.251,1664438681.407
1664438691.771,1664438691.788,1664438691.845
1664438702.088,1664438702.113,1664438702.149
1664438712.5,1664438712.522,1664438712.577
1664438722.843,1664438722.872,1664438722.925
1664438733.191,1664438733.213,1664438733.255
1664438743.526,1664438743.53,1664438743.559
1664438753.888,1664438753.907,1664438753.953
1664438764.305,1664438764.312,1664438764.35
1664438774.761,1664438774.78,1664438774.835
1664438785.111,1664438785.135,1664438785.185
1664438795.449,1664438795.483,1664438795.52
1664438805.8,1664438805.816,1664438805.871
1664438816.164,1664438816.168,1664438816.203
1664438826.557,1664438826.575,1664438826.615
1664438836.9,1664438836.903,1664438836.932
1664438847.251,1664438847.273,1664438847.312
1664438857.595,1664438857.614,1664438857.675
1664438867.938,1664438867.94,1664438867.982
1664438878.609,1664438878.617,1664438878.654
1664438888.961,1664438888.989,1664438889.055
1664438899.299,1664438899.341,1664438899.396
1664438909.649,1664438909.67,1664438909.724
1664438919.989,1664438919.991,1664438920.018
1664438930.362,1664438930.392,1664438930.446
1664438940.784,1664438940.792,1664438941.048
1664438951.031,1664438951.033,1664438951.059
1664438961.435,1664438961.453,1664438961.502
1664438971.743,1664438971.777,1664438971.823
1664438982.094,1664438982.096,1664438982.123
1664438992.454,1664438992.457,1664438992.482
1664439002.881,1664439002.885,1664439002.932
1664439013.219,1664439013.25,1664439013.295
1664439023.576,1664439023.602,1664439023.652
1664439033.917,1664439033.92,1664439033.962
1664439044.289,1664439044.307,1664439044.344
1664439054.685,1664439054.688,1664439054.719
1664439064.992,1664439065.018,1664439065.081
1664439075.327,1664439075.331,1664439075.446
1664439085.69,1664439085.726,1664439085.774
1664439096.02,1664439096.049,1664439096.091
1664439106.368,1664439106.371,1664439106.421
1664439116.721,1664439116.751,1664439116.795
1664439127.524,1664439127.531,1664439127.573
1664439137.772,1664439137.794,1664439137.838
1664439148.133,1664439148.141,1664439148.188
1664439158.465,1664439158.469,1664439158.503
1664439168.826,1664439168.85,1664439168.908
1664439179.179,1664439179.199,1664439179.243
1664439189.518,1664439189.552,1664439189.587
1664439199.902,1664439199.933,1664439200.152
1664439210.337,1664439210.341,1664439210.422
1664439220.571,1664439220.577,1664439220.626
1664439230.984,1664439231.016,1664439231.079
1664439241.287,1664439241.29,1664439241.328
1664439251.623,1664439251.64,1664439251.698
1664439261.977,1664439261.998,1664439262.053
1664439272.35,1664439272.36,1664439272.411
1664439282.671,1664439282.71,1664439282.779
1664439293.006,1664439293.009,1664439293.051
1664439303.458,1664439303.492,1664439303.536
1664439313.762,1664439313.765,1664439313.791
1664439324.107,1664439324.142,1664439324.193
1664439334.471,1664439334.494,1664439334.547
1664439344.82,1664439344.848,1664439344.885
1664439355.138,1664439355.14,1664439355.18
1664439365.502,1664439365.536,1664439365.576
1664439376.078,1664439376.081,1664439376.125
1664439386.497,1664439386.501,1664439386.557
1664439396.805,1664439396.824,1664439396.88
1664439407.147,1664439407.15,1664439407.192
1664439417.511,1664439417.536,1664439417.576
1664439427.85,1664439427.853,1664439427.908
1664439438.197,1664439438.227,1664439438.277
1664439448.534,1664439448.55,1664439448.598
1664439458.873,1664439458.896,1664439458.948
1664439469.234,1664439469.236,1664439469.268
1664439479.607,1664439479.612,1664439479.637
1664439489.928,1664439489.931,1664439490.035
1664439500.317,1664439500.341,1664439500.389
1664439510.654,1664439510.688,1664439510.739
1664439521.0,1664439521.025,1664439521.073
1664439531.387,1664439531.408,1664439531.446
1664439541.742,1664439541.746,1664439541.775
1664439552.08,1664439552.119,1664439552.206
1664439562.427,1664439562.451,1664439562.488
1664439572.775,1664439572.799,1664439572.838
1664439583.117,1664439583.144,1664439583.19
1664439593.536,1664439593.561,1664439593.615
1664439604.008,1664439604.012,1664439604.037
1664439614.319,1664439614.34,1664439614.38
1664439624.877,1664439624.915,1664439624.96
1664439635.268,1664439635.303,1664439635.342
1664439645.626,1664439645.632,1664439645.664
1664439655.989,1664439655.992,1664439656.017
1664439666.333,1664439666.388,1664439666.41
1664439676.692,1664439676.726,1664439676.769
1664439687.052,1664439687.059,1664439687.085
1664439697.492,1664439697.52,1664439697.561
1664439707.846,1664439707.865,1664439707.91
1664439718.184,1664439718.21,1664439718.27
1664439728.527,1664439728.544,1664439728.598
1664439738.869,1664439738.886,1664439738.929
1664439749.216,1664439749.22,1664439749.27
1664439759.562,1664439759.577,1664439759.634
1664439769.911,1664439769.929,1664439769.968
1664439780.237,1664439780.261,1664439780.302
1664439790.604,1664439790.629,1664439790.676
1664439800.94,1664439800.942,1664439800.969
1664439811.307,1664439811.32,1664439811.369
1664439821.655,1664439821.678,1664439821.727
1664439832.025,1664439832.05,1664439832.107
1664439842.562,1664439842.617,1664439842.668
1664439852.758,1664439852.771,1664439852.808
1664439863.101,1664439863.103,1664439863.144
1664439874.088,1664439874.11,1664439874.164
1664439884.094,1664439884.114,1664439884.151
1664439894.441,1664439894.444,1664439894.468
1664439904.962,1664439904.978,1664439905.044
1664439915.309,1664439915.347,1664439915.403
1664439925.628,1664439925.632,1664439925.678
1664439936.003,1664439936.006,1664439936.041
1664439946.348,1664439946.35,1664439946.374
1664439956.707,1664439956.733,1664439956.786
1664439967.04,1664439967.043,1664439967.072
1664439977.375,1664439977.377,1664439977.412
1664439987.721,1664439987.724,1664439987.757
1664439998.073,1664439998.094,1664439998.171
1664440008.406,1664440008.408,1664440008.444
1664440018.759,1664440018.763,1664440018.802
1664440029.096,1664440029.098,1664440029.133
1664440039.461,1664440039.476,1664440039.527
1664440049.806,1664440049.808,1664440049.858
1664440060.169,1664440060.188,1664440060.223
1664440070.527,1664440070.564,1664440070.618
1664440080.863,1664440080.89,1664440080.947
1664440091.236,1664440091.275,1664440091.321
1664440101.597,1664440101.601,1664440101.633
1664440111.893,1664440111.922,1664440111.96
1664440122.494,1664440122.523,1664440122.585
1664440132.82,1664440132.824,1664440132.859
1664440143.224,1664440143.241,1664440143.288
1664440153.561,1664440153.603,1664440153.643
1664440163.878,1664440163.905,1664440163.955
1664440174.22,1664440174.224,1664440174.25
1664440184.675,1664440184.677,1664440184.719
1664440195.015,1664440195.042,1664440195.083
1664440205.416,1664440205.443,1664440205.485
1664440215.746,1664440215.764,1664440215.81
1664440226.101,1664440226.119,1664440226.168
1664440236.435,1664440236.46,1664440236.509
1664440246.755,1664440246.783,1664440246.825
1664440257.14,1664440257.176,1664440257.251
1664440267.456,1664440267.474,1664440267.532
1664440277.787,1664440277.814,1664440277.866
1664440288.165,1664440288.188,1664440288.252
1664440298.497,1664440298.523,1664440298.575
1664440308.81,1664440308.813,1664440308.845
1664440319.176,1664440319.195,1664440319.238
1664440329.514,1664440329.537,1664440329.58
1664440339.859,1664440339.881,1664440339.954
1664440350.186,1664440350.189,1664440350.223
1664440360.529,1664440360.532,1664440360.573
1664440371.127,1664440371.146,1664440371.203
1664440381.471,1664440381.474,1664440381.511
1664440391.857,1664440391.875,1664440391.933
1664440402.21,1664440402.214,1664440402.252
1664440412.555,1664440412.582,1664440412.634
1664440422.929,1664440422.945,1664440423.072
1664440433.257,1664440433.286,1664440433.325
1664440443.855,1664440443.875,1664440443.924
1664440454.181,1664440454.211,1664440454.257
1664440464.526,1664440464.557,1664440464.608
1664440474.899,1664440474.92,1664440474.96
1664440485.257,1664440485.276,1664440485.326
1664440495.604,1664440495.607,1664440495.703
1664440505.996,1664440506.015,1664440506.051
1664440516.325,1664440516.329,1664440516.366
1664440526.684,1664440526.704,1664440526.739
1664440537.018,1664440537.042,1664440537.1
1664440547.376,1664440547.379,1664440547.409
1664440557.734,1664440557.768,1664440557.809
1664440568.103,1664440568.134,1664440568.186
1664440578.448,1664440578.466,1664440578.505
1664440588.803,1664440588.833,1664440588.881
1664440599.148,1664440599.151,1664440599.192
1664440609.496,1664440609.499,1664440609.531
1664440620.097,1664440620.112,1664440620.165
1664440630.45,1664440630.47,1664440630.519
1664440640.819,1664440640.851,1664440640.897
1664440651.199,1664440651.202,1664440651.234
1664440661.584,1664440661.625,1664440661.673
1664440671.988,1664440672.011,1664440672.068
1664440682.428,1664440682.431,1664440682.466
1664440692.808,1664440692.812,1664440692.849
1664440703.177,1664440703.179,1664440703.217
1664440713.518,1664440713.522,1664440713.548
1664440723.912,1664440723.946,1664440724.025
1664440734.234,1664440734.258,1664440734.298
1664440744.577,1664440744.58,1664440744.641
1664440754.978,1664440754.996,1664440755.051
1664440765.355,1664440765.358,1664440765.385
1664440775.725,1664440775.757,1664440775.802
1664440786.076,1664440786.08,1664440786.106
1664440796.437,1664440796.467,1664440796.516
1664440806.94,1664440806.968,1664440807.021
1664440817.301,1664440817.332,1664440817.393
1664440827.664,1664440827.697,1664440827.75
1664440838.092,1664440838.095,1664440838.124
1664440848.371,1664440848.375,1664440848.412
1664440858.747,1664440858.775,1664440858.827
1664440869.39,1664440869.414,1664440869.461
1664440879.957,1664440879.987,1664440880.059
1664440890.174,1664440890.214,1664440890.257
1664440900.511,1664440900.515,1664440900.552
1664440910.89,1664440910.914,1664440910.952
1664440921.253,1664440921.273,1664440921.319
1664440931.593,1664440931.596,1664440931.647
1664440941.962,1664440941.997,1664440942.043
1664440952.284,1664440952.286,1664440952.317
1664440962.652,1664440962.681,1664440962.734
1664440972.998,1664440973.029,1664440973.086
1664440983.435,1664440983.439,1664440983.468
1664440993.81,1664440993.833,1664440993.879
1664441004.16,1664441004.189,1664441004.223
1664441014.536,1664441014.539,1664441014.567
1664441024.907,1664441024.939,1664441024.975
1664441035.245,1664441035.248,1664441035.283
1664441045.598,1664441045.616,1664441045.682
1664441055.969,1664441055.997,1664441056.048
1664441066.314,1664441066.318,1664441066.348
1664441076.876,1664441076.917,1664441076.98
1664441087.014,1664441087.018,1664441087.054
1664441097.366,1664441097.37,1664441097.395
1664441107.719,1664441107.745,1664441107.796
1664441118.329,1664441118.351,1664441118.402
1664441128.675,1664441128.679,1664441128.72
1664441139.034,1664441139.061,1664441139.1
1664441149.393,1664441149.395,1664441149.428
1664441159.778,1664441159.792,1664441159.831
1664441170.105,1664441170.107,1664441170.154
1664441180.714,1664441180.716,1664441180.753
1664441190.844,1664441190.866,1664441190.912
1664441201.209,1664441201.213,1664441201.238
1664441211.583,1664441211.612,1664441211.663
1664441221.984,1664441222.018,1664441222.063
1664441232.365,1664441232.402,1664441232.466
1664441242.723,1664441242.744,1664441242.801
1664441253.108,1664441253.111,1664441253.144
1664441263.481,1664441263.506,1664441263.562
1664441273.845,1664441273.866,1664441273.921
1664441284.178,1664441284.203,1664441284.266
1664441294.516,1664441294.52,1664441294.555
1664441304.863,1664441304.885,1664441304.946
1664441315.245,1664441315.267,1664441315.311
1664441325.568,1664441325.571,1664441325.601
1664441335.938,1664441335.968,1664441336.027
1664441346.317,1664441346.343,1664441346.391
1664441356.687,1664441356.71,1664441356.754
1664441367.293,1664441367.359,1664441367.429
1664441377.617,1664441377.662,1664441377.71
1664441387.984,1664441387.99,1664441388.041
1664441398.271,1664441398.293,1664441398.348
1664441408.673,1664441408.676,1664441408.701
1664441419.015,1664441419.019,1664441419.054
1664441429.376,1664441429.394,1664441429.439
1664441439.87,1664441439.873,1664441439.928
1664441450.069,1664441450.079,1664441450.12
1664441460.775,1664441460.826,1664441460.913
1664441470.757,1664441470.761,1664441470.803
1664441481.125,1664441481.139,1664441481.191
1664441491.461,1664441491.491,1664441491.541
1664441501.81,1664441501.814,1664441501.84
1664441512.176,1664441512.2,1664441512.267
1664441522.56,1664441522.585,1664441522.622
1664441532.884,1664441532.887,1664441532.92
1664441543.244,1664441543.281,1664441543.327
1664441553.589,1664441553.591,1664441553.617
1664441563.919,1664441563.941,1664441563.988
1664441574.272,1664441574.302,1664441574.337
1664441584.628,1664441584.653,1664441584.692
1664441594.973,1664441594.99,1664441595.029
1664441605.335,1664441605.368,1664441605.411
1664441615.923,1664441615.95,1664441616.002
1664441626.305,1664441626.326,1664441626.385
1664441636.635,1664441636.638,1664441636.67
1664441646.988,1664441646.99,1664441647.028
1664441657.346,1664441657.351,1664441657.386
1664441667.717,1664441667.72,1664441667.751
1664441678.088,1664441678.116,1664441678.155
1664441688.545,1664441688.59,1664441688.66
1664441698.817,1664441698.832,1664441698.887
1664441709.172,1664441709.187,1664441709.251
1664441719.531,1664441719.534,1664441719.572
1664441730.106,1664441730.133,1664441730.181
1664441740.41,1664441740.435,1664441740.505
1664441750.82,1664441750.829,1664441750.875
1664441761.164,1664441761.181,1664441761.219
1664441771.56,1664441771.562,1664441771.588
1664441781.933,1664441781.957,1664441781.997
1664441792.294,1664441792.327,1664441792.367
1664441802.832,1664441802.85,1664441802.904
1664441812.965,1664441812.993,1664441813.06
1664441823.36,1664441823.365,1664441823.41
1664441833.724,1664441833.741,1664441833.787
1664441844.085,1664441844.105,1664441844.151
1664441854.454,1664441854.47,1664441854.511
1664441865.102,1664441865.128,1664441865.19
1664441875.465,1664441875.491,1664441875.533
1664441885.834,1664441885.836,1664441885.887
1664441896.183,1664441896.199,1664441896.249
1664441906.531,1664441906.533,1664441906.578
1664441916.977,1664441916.982,1664441917.026
1664441927.27,1664441927.307,1664441927.351
1664441937.585,1664441937.589,1664441937.623
1664441948.032,1664441948.072,1664441948.123
1664441958.334,1664441958.358,1664441958.405
1664441968.696,1664441968.726,1664441968.767
1664441979.013,1664441979.031,1664441979.075
1664441989.396,1664441989.408,1664441989.43
1664441999.728,1664441999.732,1664441999.773
1664442010.107,1664442010.111,1664442010.158
1664442020.552,1664442020.582,1664442020.723
1664442030.827,1664442030.83,1664442030.887
1664442041.279,1664442041.34,1664442041.415
1664442051.549,1664442051.581,1664442051.628
1664442061.965,1664442061.986,1664442062.042
1664442072.353,1664442072.369,1664442072.42
1664442082.678,1664442082.681,1664442082.708
1664442093.025,1664442093.028,1664442093.08
1664442103.371,1664442103.395,1664442103.434
1664442113.962,1664442113.989,1664442114.036
1664442124.348,1664442124.386,1664442124.43
1664442134.696,1664442134.723,1664442134.761
1664442145.217,1664442145.243,1664442145.291
1664442155.582,1664442155.607,1664442155.655
1664442165.939,1664442165.956,1664442165.995
1664442176.371,1664442176.409,1664442176.461
1664442186.615,1664442186.618,1664442186.653
1664442196.969,1664442197.003,1664442197.044
1664442207.325,1664442207.353,1664442207.402
1664442217.667,1664442217.687,1664442217.733
1664442227.997,1664442228.034,1664442228.101
1664442238.342,1664442238.368,1664442238.417
1664442248.738,1664442248.768,1664442248.81
1664442259.047,1664442259.051,1664442259.082
1664442269.391,1664442269.395,1664442269.421
1664442279.738,1664442279.76,1664442279.801
1664442290.124,1664442290.142,1664442290.183
1664442300.433,1664442300.463,1664442300.503
1664442310.792,1664442310.794,1664442310.834
1664442321.144,1664442321.176,1664442321.217
1664442331.504,1664442331.517,1664442331.553
1664442341.826,1664442341.83,1664442341.856
1664442352.218,1664442352.249,1664442352.312
1664442362.775,1664442362.802,1664442362.837
1664442373.172,1664442373.209,1664442373.244
1664442383.57,1664442383.577,1664442383.605
1664442393.93,1664442393.946,1664442393.988
1664442404.293,1664442404.314,1664442404.35
1664442414.843,1664442414.871,1664442414.916
1664442425.186,1664442425.211,1664442425.277
1664442435.637,1664442435.692,1664442435.745
1664442445.894,1664442445.898,1664442445.95
1664442456.352,1664442456.356,1664442456.404
1664442466.568,1664442466.59,1664442466.644
1664442476.923,1664442476.956,1664442477.006
1664442487.302,1664442487.304,1664442487.336
1664442497.647,1664442497.761,1664442497.802
1664442508.132,1664442508.159,1664442508.238
1664442518.339,1664442518.343,1664442518.382
1664442528.68,1664442528.682,1664442528.738
1664442539.05,1664442539.065,1664442539.091
1664442549.378,1664442549.413,1664442549.462
1664442559.769,1664442559.796,1664442559.846
1664442570.148,1664442570.168,1664442570.206
1664442580.52,1664442580.532,1664442580.574
1664442590.855,1664442590.859,1664442590.891
1664442601.225,1664442601.239,1664442601.261
1664442611.827,1664442611.858,1664442611.915
1664442622.193,1664442622.221,1664442622.278
1664442632.559,1664442632.586,1664442632.64
1664442642.892,1664442642.925,1664442642.965
1664442653.233,1664442653.259,1664442653.301
1664442663.602,1664442663.635,1664442663.675
1664442674.018,1664442674.031,1664442674.099
1664442684.325,1664442684.355,1664442684.388
1664442694.678,1664442694.711,1664442694.757
1664442705.019,1664442705.048,1664442705.094
1664442715.374,1664442715.395,1664442715.456
1664442725.724,1664442725.74,1664442725.786
1664442736.069,1664442736.073,1664442736.113
1664442746.436,1664442746.439,1664442746.466
1664442756.786,1664442756.813,1664442756.861
1664442767.128,1664442767.162,1664442767.225
1664442777.469,1664442777.554,1664442777.59
1664442787.812,1664442787.816,1664442787.874
1664442798.167,1664442798.172,1664442798.229
1664442808.509,1664442808.532,1664442808.598
1664442819.125,1664442819.158,1664442819.209
1664442829.199,1664442829.223,1664442829.278
1664442839.527,1664442839.53,1664442839.563
1664442849.887,1664442849.905,1664442849.947
1664442860.608,1664442860.647,1664442860.701
1664442870.933,1664442870.955,1664442871.0
1664442881.272,1664442881.274,1664442881.315
1664442891.651,1664442891.656,1664442891.69
1664442902.093,1664442902.096,1664442902.137
1664442912.433,1664442912.436,1664442912.484
1664442922.807,1664442922.827,1664442922.874
1664442933.16,1664442933.189,1664442933.25
1664442943.492,1664442943.517,1664442943.554
1664442953.85,1664442953.852,1664442953.878
1664442964.281,1664442964.306,1664442964.357
1664442974.633,1664442974.651,1664442974.715
1664442984.975,1664442984.977,1664442985.01
1664442995.502,1664442995.545,1664442995.581
1664443005.704,1664443005.729,1664443005.782
1664443016.043,1664443016.078,1664443016.137
1664443026.386,1664443026.411,1664443026.458
1664443036.735,1664443036.739,1664443036.773
1664443047.094,1664443047.118,1664443047.159
1664443057.561,1664443057.594,1664443057.655
1664443067.837,1664443067.872,1664443067.919
1664443078.173,1664443078.208,1664443078.264
1664443088.532,1664443088.544,1664443088.576
1664443098.891,1664443098.912,1664443098.951
1664443109.58,1664443109.598,1664443109.636
1664443119.956,1664443119.987,1664443120.025
1664443130.324,1664443130.328,1664443130.368
1664443140.667,1664443140.669,1664443140.706
1664443151.037,1664443151.055,1664443151.11
1664443161.393,1664443161.415,1664443161.462
1664443171.729,1664443171.754,1664443171.81
1664443182.094,1664443182.116,1664443182.16
1664443192.437,1664443192.444,1664443192.559
1664443202.808,1664443202.811,1664443202.844
1664443213.174,1664443213.201,1664443213.248
1664443223.623,1664443223.654,1664443223.709
1664443233.867,1664443233.887,1664443233.934
1664443244.209,1664443244.233,1664443244.295
1664443254.562,1664443254.589,1664443254.633
1664443264.906,1664443264.909,1664443264.944
1664443275.259,1664443275.283,1664443275.32
1664443285.612,1664443285.632,1664443285.68
1664443295.98,1664443296.002,1664443296.064
1664443306.29,1664443306.305,1664443306.363
1664443316.634,1664443316.674,1664443316.711
1664443326.949,1664443326.951,1664443326.98
1664443337.31,1664443337.313,1664443337.372
1664443347.673,1664443347.677,1664443347.737
1664443358.345,1664443358.391,1664443358.461
1664443368.68,1664443368.684,1664443368.718
1664443379.022,1664443379.038,1664443379.093
1664443389.375,1664443389.397,1664443389.452
1664443399.738,1664443399.764,1664443399.812
1664443410.072,1664443410.075,1664443410.105
1664443420.417,1664443420.452,1664443420.489
1664443430.795,1664443430.823,1664443430.862
1664443441.108,1664443441.137,1664443441.186
1664443451.502,1664443451.504,1664443451.545
1664443461.878,1664443461.883,1664443461.925
1664443472.196,1664443472.224,1664443472.268
1664443482.555,1664443482.563,1664443482.589
1664443492.892,1664443492.915,1664443492.963
1664443503.301,1664443503.323,1664443503.372
1664443513.745,1664443513.749,1664443513.781
1664443523.982,1664443523.985,1664443524.016
1664443534.341,1664443534.36,1664443534.398
1664443544.706,1664443544.731,1664443544.781
1664443555.057,1664443555.08,1664443555.134
1664443565.415,1664443565.438,1664443565.488
1664443575.783,1664443575.786,1664443575.822
1664443586.171,1664443586.184,1664443586.222
1664443596.527,1664443596.545,1664443596.59
1664443607.157,1664443607.19,1664443607.242
1664443617.513,1664443617.541,1664443617.588
1664443627.877,1664443627.894,1664443627.941
1664443638.246,1664443638.285,1664443638.321
1664443648.61,1664443648.644,1664443648.705
1664443658.964,1664443658.999,1664443659.063
1664443669.312,1664443669.347,1664443669.405
1664443679.66,1664443679.662,1664443679.689
1664443690.032,1664443690.065,1664443690.109
1664443700.393,1664443700.431,1664443700.505
1664443710.736,1664443710.769,1664443710.831
1664443721.098,1664443721.102,1664443721.146
1664443731.44,1664443731.463,1664443731.5
1664443741.817,1664443741.839,1664443741.891
1664443752.174,1664443752.203,1664443752.256
1664443762.5,1664443762.517,1664443762.57
1664443772.845,1664443772.847,1664443772.872
1664443783.191,1664443783.194,1664443783.245
1664443793.578,1664443793.604,1664443793.642
1664443803.964,1664443803.996,1664443804.06
1664443814.308,1664443814.316,1664443814.34
1664443824.654,1664443824.678,1664443824.719
1664443835.015,1664443835.057,1664443835.109
1664443845.362,1664443845.367,1664443845.407
1664443855.964,1664443855.971,1664443855.998
1664443866.331,1664443866.363,1664443866.404
1664443876.688,1664443876.691,1664443876.739
1664443887.057,1664443887.081,1664443887.142
1664443897.431,1664443897.44,1664443897.479
1664443907.769,1664443907.794,1664443907.866
1664443918.117,1664443918.146,1664443918.187
1664443928.635,1664443928.651,1664443928.726
1664443938.834,1664443938.844,1664443938.891
1664443949.153,1664443949.183,1664443949.234
1664443959.512,1664443959.533,1664443959.579
1664443969.844,1664443969.872,1664443969.917
1664443980.204,1664443980.236,1664443980.273
1664443990.544,1664443990.568,1664443990.614
1664444000.871,1664444000.894,1664444000.939
1664444011.214,1664444011.235,1664444011.281
1664444021.544,1664444021.548,1664444021.58
1664444031.91,1664444031.925,1664444031.979
1664444042.273,1664444042.276,1664444042.322
1664444052.614,1664444052.617,1664444052.644
1664444063.012,1664444063.052,1664444063.095
1664444073.322,1664444073.355,1664444073.41
1664444083.646,1664444083.669,1664444083.724
1664444093.987,1664444093.992,1664444094.036
1664444104.643,1664444104.678,1664444104.739
1664444114.995,1664444114.998,1664444115.034
1664444125.374,1664444125.403,1664444125.446
1664444135.731,1664444135.757,1664444135.808
1664444146.154,1664444146.184,1664444146.249
1664444156.483,1664444156.485,1664444156.52
1664444166.832,1664444166.835,1664444166.869
1664444177.194,1664444177.198,1664444177.229
1664444187.546,1664444187.573,1664444187.627
1664444197.891,1664444197.91,1664444197.947
1664444208.237,1664444208.239,1664444208.266
1664444218.556,1664444218.559,1664444218.6
1664444228.895,1664444228.931,1664444228.991
1664444239.23,1664444239.233,1664444239.281
1664444249.584,1664444249.607,1664444249.649
1664444259.941,1664444259.99,1664444260.065
1664444270.28,1664444270.284,1664444270.311
1664444280.633,1664444280.658,1664444280.702
1664444290.981,1664444291.0,1664444291.052
1664444301.358,1664444301.377,1664444301.43
1664444311.671,1664444311.689,1664444311.733
1664444322.008,1664444322.031,1664444322.077
1664444332.35,1664444332.378,1664444332.437
1664444342.764,1664444342.793,1664444342.848
1664444353.394,1664444353.435,1664444353.479
1664444363.74,1664444363.765,1664444363.812
1664444374.114,1664444374.124,1664444374.157
1664444384.547,1664444384.556,1664444384.582
1664444394.807,1664444394.831,1664444394.877
1664444405.203,1664444405.205,1664444405.245
1664444415.567,1664444415.599,1664444415.634
1664444425.913,1664444425.937,1664444425.973
1664444436.247,1664444436.25,1664444436.359
1664444446.621,1664444446.743,1664444446.79
1664444456.94,1664444456.942,1664444456.97
1664444467.661,1664444467.683,1664444467.725
1664444478.253,1664444478.255,1664444478.283
1664444488.821,1664444488.825,1664444488.855
1664444499.302,1664444499.323,1664444499.366
1664444509.774,1664444509.777,1664444509.806
1664444520.241,1664444520.284,1664444520.343
1664444530.614,1664444530.64,1664444530.68
1664444541.041,1664444541.071,1664444541.118
1664444551.441,1664444551.475,1664444551.516
1664444561.853,1664444561.88,1664444561.935
1664444572.273,1664444572.311,1664444572.349
1664444582.746,1664444582.77,1664444582.871
1664444593.204,1664444593.227,1664444593.265
1664444603.829,1664444603.849,1664444603.886
1664444614.451,1664444614.494,1664444614.563
1664444624.527,1664444624.554,1664444624.613
1664444634.88,1664444634.883,1664444634.925
1664444645.268,1664444645.294,1664444645.338
1664444655.608,1664444655.612,1664444655.639
1664444665.951,1664444665.973,1664444666.024
1664444676.32,1664444676.323,1664444676.369
1664444686.666,1664444686.668,1664444686.707
1664444697.022,1664444697.049,1664444697.095
1664444707.403,1664444707.429,1664444707.465
1664444717.759,1664444717.788,1664444717.829
1664444728.184,1664444728.206,1664444728.262
1664444738.505,1664444738.531,1664444738.579
1664444748.856,1664444748.86,1664444748.886
1664444759.211,1664444759.214,1664444759.262
1664444769.567,1664444769.571,1664444769.603
1664444779.959,1664444779.97,1664444779.995
1664444790.46,1664444790.509,1664444790.555
1664444800.633,1664444800.636,1664444800.668
1664444810.996,1664444811.018,1664444811.073
1664444821.521,1664444821.575,1664444821.643
1664444831.717,1664444831.72,1664444831.759
1664444842.114,1664444842.141,1664444842.195
1664444852.707,1664444852.726,1664444852.769
1664444863.033,1664444863.036,1664444863.07
1664444873.378,1664444873.382,1664444873.421
1664444883.819,1664444883.845,1664444883.9
1664444894.182,1664444894.216,1664444894.267
1664444904.519,1664444904.551,1664444904.61
1664444914.846,1664444914.879,1664444914.917
1664444925.195,1664444925.212,1664444925.263
1664444935.557,1664444935.581,1664444935.628
1664444945.894,1664444945.911,1664444945.958
1664444956.253,1664444956.278,1664444956.321
1664444966.594,1664444966.614,1664444966.656
1664444976.954,1664444976.98,1664444977.033
1664444987.299,1664444987.317,1664444987.367
1664444997.606,1664444997.609,1664444997.659
1664445007.978,1664445008.016,1664445008.07
1664445018.513,1664445018.532,1664445018.609
1664445028.69,1664445028.717,1664445028.762
1664445039.023,1664445039.051,1664445039.102
1664445049.387,1664445049.39,1664445049.429
1664445059.706,1664445059.709,1664445059.752
1664445070.058,1664445070.06,1664445070.086
1664445080.41,1664445080.412,1664445080.458
1664445090.739,1664445090.742,1664445090.775
1664445101.332,1664445101.356,1664445101.392
1664445111.71,1664445111.734,1664445111.777
1664445122.085,1664445122.123,1664445122.175
1664445132.444,1664445132.464,1664445132.521
1664445142.783,1664445142.816,1664445142.854
1664445153.14,1664445153.18,1664445153.225
1664445163.463,1664445163.499,1664445163.552
1664445173.795,1664445173.798,1664445173.829
1664445184.16,1664445184.177,1664445184.226
1664445194.52,1664445194.557,1664445194.625
1664445204.845,1664445204.861,1664445204.9
1664445215.173,1664445215.175,1664445215.224
1664445225.521,1664445225.554,1664445225.612
1664445235.898,1664445235.905,1664445235.932
1664445246.194,1664445246.224,1664445246.296
1664445256.547,1664445256.58,1664445256.634
1664445266.885,1664445266.919,1664445266.976
1664445277.222,1664445277.251,1664445277.308
1664445287.563,1664445287.581,1664445287.628
1664445297.922,1664445297.959,1664445298.014
1664445308.288,1664445308.311,1664445308.374
1664445318.596,1664445318.627,1664445318.675
1664445328.948,1664445328.969,1664445329.022
1664445339.293,1664445339.295,1664445339.33
1664445349.903,1664445349.906,1664445349.937
1664445360.27,1664445360.293,1664445360.331
1664445370.606,1664445370.609,1664445370.676
1664445380.954,1664445380.956,1664445380.995
1664445391.324,1664445391.347,1664445391.398
1664445401.686,1664445401.689,1664445401.737
1664445412.096,1664445412.112,1664445412.166
1664445422.505,1664445422.508,1664445422.58
1664445432.876,1664445432.899,1664445432.982
1664445443.237,1664445443.254,1664445443.293
1664445453.573,1664445453.598,1664445453.654
1664445463.92,1664445463.937,1664445463.984
1664445474.351,1664445474.384,1664445474.474
1664445484.688,1664445484.693,1664445484.717
1664445495.03,1664445495.033,1664445495.057
1664445505.4,1664445505.43,1664445505.476
1664445515.749,1664445515.753,1664445515.787
1664445526.106,1664445526.124,1664445526.187
1664445536.429,1664445536.455,1664445536.505
1664445546.82,1664445546.847,1664445546.911
1664445557.168,1664445557.17,1664445557.211
1664445567.58,1664445567.622,1664445567.671
1664445577.912,1664445577.938,1664445577.978
1664445588.302,1664445588.328,1664445588.388
1664445598.921,1664445598.923,1664445598.956
1664445609.332,1664445609.381,1664445609.433
1664445619.617,1664445619.62,1664445619.663
1664445629.973,1664445629.999,1664445630.048
1664445640.306,1664445640.338,1664445640.384
1664445650.641,1664445650.676,1664445650.731
1664445661.076,1664445661.474,1664445661.536
1664445671.326,1664445671.329,1664445671.371
1664445681.68,1664445681.684,1664445681.716
1664445692.031,1664445692.057,1664445692.116
1664445702.429,1664445702.49,1664445702.551
1664445712.725,1664445712.756,1664445712.81
1664445723.099,1664445723.102,1664445723.125
1664445733.434,1664445733.439,1664445733.482
1664445743.854,1664445743.877,1664445743.934
1664445754.114,1664445754.116,1664445754.149
1664445764.468,1664445764.494,1664445764.555
1664445774.831,1664445774.855,1664445774.908
1664445785.172,1664445785.193,1664445785.236
1664445795.51,1664445795.527,1664445795.569
1664445805.867,1664445805.869,1664445805.898
1664445816.213,1664445816.233,1664445816.273
1664445826.573,1664445826.577,1664445826.605
1664445836.926,1664445836.946,1664445836.991
1664445847.601,1664445847.619,1664445847.684
1664445857.954,1664445857.981,1664445858.036
1664445868.296,1664445868.3,1664445868.334
1664445878.672,1664445878.678,1664445878.724
1664445889.075,1664445889.097,1664445889.146
1664445899.363,1664445899.366,1664445899.393
1664445909.872,1664445909.895,1664445909.942
1664445920.199,1664445920.219,1664445920.264
1664445930.553,1664445930.572,1664445930.62
1664445940.875,1664445940.899,1664445940.947
1664445951.234,1664445951.248,1664445951.285
1664445961.563,1664445961.566,1664445961.595
1664445971.957,1664445971.984,1664445972.046
1664445982.271,1664445982.301,1664445982.346
1664445992.625,1664445992.65,1664445992.688
1664446002.959,1664446002.983,1664446003.045
1664446013.328,1664446013.344,1664446013.397
1664446023.678,1664446023.681,1664446023.721
1664446034.039,1664446034.052,1664446034.083
1664446044.378,1664446044.381,1664446044.41
1664446054.72,1664446054.723,1664446054.756
1664446065.065,1664446065.067,1664446065.101
1664446075.427,1664446075.455,1664446075.508
1664446085.777,1664446085.807,1664446085.855
1664446096.361,1664446096.399,1664446096.445
1664446106.722,1664446106.752,1664446106.802
1664446117.053,1664446117.073,1664446117.125
1664446127.446,1664446127.462,1664446127.511
1664446137.816,1664446137.819,1664446137.853
1664446148.176,1664446148.214,1664446148.275
1664446158.677,1664446158.705,1664446158.758
1664446169.133,1664446169.135,1664446169.163
1664446179.587,1664446179.592,1664446179.633
1664446189.953,1664446189.985,1664446190.029
1664446200.348,1664446200.371,1664446200.418
1664446210.761,1664446210.764,1664446210.794
1664446221.183,1664446221.213,1664446221.276
1664446231.531,1664446231.535,1664446231.577
1664446241.881,1664446241.884,1664446241.917
1664446252.323,1664446252.346,1664446252.363
1664446262.603,1664446262.622,1664446262.683
1664446272.962,1664446272.983,1664446273.017
1664446283.312,1664446283.345,1664446283.401
1664446293.618,1664446293.647,1664446293.7
1664446303.959,1664446303.963,1664446304.003
1664446314.299,1664446314.302,1664446314.331
1664446324.646,1664446324.673,1664446324.716
1664446335.005,1664446335.012,1664446335.05
1664446345.666,1664446345.668,1664446345.712
1664446356.036,1664446356.059,1664446356.106
1664446366.385,1664446366.388,1664446366.425
1664446376.76,1664446376.764,1664446376.972
1664446387.155,1664446387.179,1664446387.225
1664446397.525,1664446397.529,1664446397.558
1664446407.881,1664446407.903,1664446407.951
1664446418.232,1664446418.236,1664446418.301
1664446428.574,1664446428.576,1664446428.608
1664446438.932,1664446438.964,1664446439.002
1664446449.285,1664446449.312,1664446449.357
1664446459.611,1664446459.614,1664446459.65
1664446470.181,1664446470.245,1664446470.318
1664446480.327,1664446480.331,1664446480.382
1664446490.669,1664446490.695,1664446490.737
1664446501.016,1664446501.021,1664446501.061
1664446511.379,1664446511.401,1664446511.461
1664446521.735,1664446521.767,1664446521.811
1664446532.087,1664446532.109,1664446532.179
1664446542.427,1664446542.43,1664446542.471
1664446552.765,1664446552.782,1664446552.823
1664446563.216,1664446563.219,1664446563.27
1664446573.559,1664446573.576,1664446573.618
1664446583.9,1664446583.903,1664446583.935
1664446594.502,1664446594.528,1664446594.585
1664446604.975,1664446604.978,1664446605.015
1664446615.207,1664446615.233,1664446615.276
1664446625.606,1664446625.629,1664446625.674
1664446635.928,1664446635.946,1664446635.985
1664446646.273,1664446646.295,1664446646.351
1664446656.62,1664446656.622,1664446656.663
1664446667.004,1664446667.031,1664446667.066
1664446677.386,1664446677.412,1664446677.461
1664446687.741,1664446687.78,1664446687.837
1664446698.294,1664446698.301,1664446698.398
1664446708.424,1664446708.428,1664446708.476
1664446718.77,1664446718.795,1664446718.84
1664446729.116,1664446729.136,1664446729.178
1664446739.455,1664446739.482,1664446739.531
1664446749.806,1664446749.829,1664446749.873
1664446760.144,1664446760.172,1664446760.224
1664446770.488,1664446770.491,1664446770.522
1664446780.859,1664446780.876,1664446780.923
1664446791.186,1664446791.218,1664446791.275
1664446801.523,1664446801.538,1664446801.578
1664446811.895,1664446811.904,1664446811.936
1664446822.229,1664446822.231,1664446822.266
1664446832.591,1664446832.614,1664446832.654
1664446843.233,1664446843.256,1664446843.308
1664446853.599,1664446853.619,1664446853.659
1664446863.961,1664446863.987,1664446864.043
1664446874.373,1664446874.395,1664446874.443
1664446884.702,1664446884.705,1664446884.735
1664446895.13,1664446895.162,1664446895.223
1664446905.444,1664446905.447,1664446905.478
1664446915.807,1664446915.84,1664446915.888
1664446926.173,1664446926.177,1664446926.219
1664446936.527,1664446936.529,1664446936.567
1664446946.884,1664446946.915,1664446946.971
1664446957.217,1664446957.258,1664446957.316
1664446967.636,1664446967.648,1664446967.691
1664446977.942,1664446977.99,1664446978.058
1664446988.339,1664446988.342,1664446988.381
1664446998.786,1664446998.814,1664446998.877
1664447008.979,1664447008.984,1664447009.015
1664447019.339,1664447019.342,1664447019.376
1664447029.691,1664447029.725,1664447029.763
1664447040.095,1664447040.114,1664447040.161
1664447050.376,1664447050.38,1664447050.428
1664447060.741,1664447060.77,1664447060.811
1664447071.08,1664447071.106,1664447071.142
1664447081.42,1664447081.443,1664447081.49
1664447092.009,1664447092.012,1664447092.056
1664447102.439,1664447102.442,1664447102.472
1664447112.802,1664447112.834,1664447112.891
1664447123.138,1664447123.172,1664447123.23
1664447133.511,1664447133.53,1664447133.576
1664447143.839,1664447143.843,1664447143.881
1664447154.285,1664447154.307,1664447154.509
1664447164.632,1664447164.65,1664447164.705
1664447174.98,1664447175.005,1664447175.045
1664447185.349,1664447185.378,1664447185.422
1664447195.696,1664447195.713,1664447195.748
1664447206.059,1664447206.063,1664447206.099
1664447216.468,1664447216.471,1664447216.554
1664447226.804,1664447226.807,1664447226.85
1664447237.159,1664447237.188,1664447237.236
1664447247.504,1664447247.542,1664447247.596
1664447257.86,1664447257.87,1664447257.898
1664447268.229,1664447268.255,1664447268.311
1664447278.616,1664447278.643,1664447278.701
1664447288.961,1664447288.965,1664447289.014
1664447299.323,1664447299.327,1664447299.361
1664447310.025,1664447310.04,1664447310.079
1664447320.378,1664447320.402,1664447320.449
1664447330.718,1664447330.742,1664447330.805
1664447341.376,1664447341.379,1664447341.412
1664447351.704,1664447351.73,1664447351.777
1664447362.045,1664447362.049,1664447362.078
1664447372.55,1664447372.555,1664447372.593
1664447382.811,1664447382.843,1664447382.884
1664447393.181,1664447393.203,1664447393.244
1664447403.561,1664447403.564,1664447403.617
1664447413.929,1664447413.933,1664447413.978
1664447424.265,1664447424.271,1664447424.307
1664447434.668,1664447434.671,1664447434.718
1664447445.033,1664447445.06,1664447445.113
1664447455.377,1664447455.38,1664447455.405
1664447465.8,1664447465.872,1664447466.092
1664447476.126,1664447476.128,1664447476.157
1664447486.535,1664447486.551,1664447486.598
1664447496.849,1664447496.87,1664447496.909
1664447507.213,1664447507.241,1664447507.291
1664447517.558,1664447517.585,1664447517.628
1664447527.915,1664447527.92,1664447527.962
1664447538.26,1664447538.292,1664447538.355
1664447548.598,1664447548.602,1664447548.652
1664447558.955,1664447558.981,1664447559.041
1664447569.315,1664447569.342,1664447569.385
1664447579.647,1664447579.671,1664447579.724
1664447590.216,1664447590.219,1664447590.249
1664447600.57,1664447600.573,1664447600.599
1664447610.926,1664447610.954,1664447610.998
1664447621.299,1664447621.332,1664447621.366
1664447631.648,1664447631.674,1664447631.712
1664447642.178,1664447642.181,1664447642.226
1664447652.403,1664447652.421,1664447652.481
1664447662.781,1664447662.809,1664447662.863
1664447673.112,1664447673.133,1664447673.173
1664447683.452,1664447683.468,1664447683.507
1664447693.774,1664447693.796,1664447693.84
1664447704.238,1664447704.265,1664447704.307
1664447714.584,1664447714.61,1664447714.665
1664447724.906,1664447724.932,1664447724.984
1664447735.25,1664447735.252,1664447735.28
1664447745.677,1664447745.681,1664447745.719
1664447756.05,1664447756.086,1664447756.123
1664447766.372,1664447766.375,1664447766.418
1664447776.734,1664447776.753,1664447776.794
1664447787.071,1664447787.098,1664447787.138
1664447797.417,1664447797.419,1664447797.448
1664447808.335,1664447808.464,1664447808.531
1664447818.122,1664447818.143,1664447818.179
1664447828.454,1664447828.458,1664447828.506
1664447839.096,1664447839.099,1664447839.132
1664447849.48,1664447849.514,1664447849.593
1664447859.82,1664447859.823,1664447859.873
1664447870.157,1664447870.16,1664447870.219
1664447880.5,1664447880.504,1664447880.546
1664447890.865,1664447890.893,1664447890.933
1664447901.31,1664447901.335,1664447901.385
1664447911.602,1664447911.63,1664447911.687
1664447921.947,1664447921.951,1664447921.991
1664447932.286,1664447932.315,1664447932.357
1664447942.683,1664447942.703,1664447942.748
1664447953.038,1664447953.041,1664447953.082
1664447963.396,1664447963.399,1664447963.469
1664447973.749,1664447973.773,1664447973.827
1664447984.083,1664447984.114,1664447984.157
1664447994.456,1664447994.486,1664447994.545
1664448004.883,1664448004.886,1664448004.92
1664448015.234,1664448015.273,1664448015.327
1664448025.571,1664448025.605,1664448025.663
1664448035.931,1664448035.967,1664448036.017
1664448046.257,1664448046.279,1664448046.354
1664448056.606,1664448056.61,1664448056.637
1664448066.952,1664448066.984,1664448067.023
1664448077.311,1664448077.483,1664448077.542
1664448087.915,1664448087.943,1664448088.013
1664448098.263,1664448098.266,1664448098.312
1664448108.649,1664448108.665,1664448108.715
1664448119.014,1664448119.04,1664448119.088
1664448129.382,1664448129.39,1664448129.443
1664448139.719,1664448139.736,1664448139.776
1664448150.148,1664448150.15,1664448150.202
1664448160.536,1664448160.557,1664448160.612
1664448170.889,1664448170.919,1664448170.979
1664448181.332,1664448181.353,1664448181.391
1664448191.697,1664448191.702,1664448191.727
1664448202.232,1664448202.27,1664448202.318
1664448212.573,1664448212.589,1664448212.633
1664448222.942,1664448222.966,1664448223.012
1664448233.293,1664448233.317,1664448233.369
1664448243.723,1664448243.727,1664448243.755
1664448254.038,1664448254.04,1664448254.069
1664448264.418,1664448264.421,1664448264.454
1664448274.77,1664448274.773,1664448274.819
1664448285.231,1664448285.269,1664448285.328
1664448295.487,1664448295.489,1664448295.521
1664448306.038,1664448306.062,1664448306.122
1664448316.4,1664448316.416,1664448316.481
1664448326.861,1664448326.864,1664448326.899
1664448337.486,1664448337.49,1664448337.514
1664448347.841,1664448347.866,1664448347.917
1664448358.214,1664448358.219,1664448358.255
1664448368.576,1664448368.58,1664448368.611
1664448378.919,1664448378.947,1664448378.998
1664448389.263,1664448389.29,1664448389.341
1664448399.663,1664448399.686,1664448399.729
1664448409.978,1664448409.99,1664448410.028
1664448420.35,1664448420.354,1664448420.401
1664448430.733,1664448430.747,1664448430.798
1664448441.079,1664448441.105,1664448441.149
1664448451.461,1664448451.464,1664448451.52
1664448461.834,1664448461.855,1664448461.898
1664448472.156,1664448472.159,1664448472.223
1664448482.561,1664448482.596,1664448482.674
1664448494.98,1664448494.989,1664448495.036
1664448505.297,1664448505.299,1664448505.336
1664448515.712,1664448515.727,1664448515.78
1664448526.057,1664448526.087,1664448526.125
1664448536.401,1664448536.404,1664448536.437
1664448546.741,1664448546.748,1664448546.778
1664448557.131,1664448557.149,1664448557.193
1664448567.472,1664448567.498,1664448567.539
1664448578.036,1664448578.039,1664448578.091
1664448588.421,1664448588.446,1664448588.502
1664448598.751,1664448598.756,1664448598.783
1664448609.127,1664448609.133,1664448609.169
1664448619.502,1664448619.536,1664448619.575
1664448629.819,1664448629.838,1664448629.887
1664448640.178,1664448640.211,1664448640.263
1664448650.522,1664448650.539,1664448650.581
1664448660.868,1664448660.877,1664448660.912
1664448671.245,1664448671.278,1664448671.328
1664448681.572,1664448681.574,1664448681.624
1664448691.928,1664448691.951,1664448691.99
1664448702.299,1664448702.325,1664448702.382
1664448712.626,1664448712.654,1664448712.703
1664448723.006,1664448723.033,1664448723.086
1664448733.358,1664448733.383,1664448733.425
1664448743.71,1664448743.713,1664448743.751
1664448754.062,1664448754.096,1664448754.15
1664448764.377,1664448764.38,1664448764.407
1664448774.72,1664448774.723,1664448774.746
1664448785.081,1664448785.109,1664448785.15
1664448795.427,1664448795.43,1664448795.474
1664448805.792,1664448805.795,1664448805.835
1664448816.22,1664448816.252,1664448816.309
1664448826.839,1664448826.856,1664448826.903
1664448837.166,1664448837.169,1664448837.193
1664448847.518,1664448847.553,1664448847.611
1664448857.86,1664448857.863,1664448857.893
1664448868.206,1664448868.228,1664448868.278
1664448878.546,1664448878.578,1664448878.62
1664448888.91,1664448888.915,1664448888.942
1664448899.237,1664448899.27,1664448899.314
1664448909.583,1664448909.587,1664448909.61
1664448919.95,1664448919.953,1664448919.997
1664448930.282,1664448930.306,1664448930.357
1664448940.641,1664448940.646,1664448940.689
1664448950.991,1664448951.017,1664448951.085
1664448961.356,1664448961.385,1664448961.422
1664448971.706,1664448971.738,1664448971.794
1664448982.056,1664448982.06,1664448982.095
1664448992.396,1664448992.4,1664448992.437
1664449002.76,1664449002.787,1664449002.827
1664449013.153,1664449013.18,1664449013.23
1664449023.51,1664449023.539,1664449023.575
1664449033.878,1664449033.897,1664449033.939
1664449044.232,1664449044.259,1664449044.32
1664449054.554,1664449054.578,1664449054.635
1664449065.13,1664449065.176,1664449065.286
1664449075.576,1664449075.611,1664449075.663
1664449085.899,1664449085.932,1664449085.987
1664449096.239,1664449096.26,1664449096.311
1664449106.592,1664449106.615,1664449106.675
1664449116.939,1664449116.962,1664449117.002
1664449127.309,1664449127.334,1664449127.409
1664449137.617,1664449137.655,1664449137.713
1664449147.986,1664449148.002,1664449148.055
1664449158.338,1664449158.376,1664449158.42
1664449168.671,1664449168.707,1664449168.754
1664449178.996,1664449179.015,1664449179.058
1664449189.341,1664449189.344,1664449189.385
1664449199.678,1664449199.682,1664449199.713
1664449210.017,1664449210.02,1664449210.047
1664449220.421,1664449220.425,1664449220.45
1664449230.717,1664449230.721,1664449230.75
1664449241.111,1664449241.142,1664449241.198
1664449251.419,1664449251.436,1664449251.487
1664449261.803,1664449261.826,1664449261.877
1664449272.134,1664449272.18,1664449272.374
1664449282.484,1664449282.519,1664449282.563
1664449292.806,1664449292.808,1664449292.846
1664449303.165,1664449303.188,1664449303.241
1664449313.549,1664449313.578,1664449313.617
1664449324.144,1664449324.173,1664449324.215
1664449334.543,1664449334.574,1664449334.622
1664449344.928,1664449344.935,1664449344.97
1664449355.306,1664449355.31,1664449355.352
1664449365.652,1664449365.667,1664449365.722
1664449376.033,1664449376.057,1664449376.118
1664449386.406,1664449386.433,1664449386.486
1664449396.763,1664449396.793,1664449396.846
1664449407.248,1664449407.279,1664449407.324
1664449417.509,1664449417.512,1664449417.544
1664449427.855,1664449427.858,1664449427.894
1664449438.221,1664449438.255,1664449438.315
1664449448.638,1664449448.666,1664449448.711
1664449459.116,1664449459.135,1664449459.276
1664449469.484,1664449469.507,1664449469.562
1664449479.874,1664449479.878,1664449479.916
1664449490.248,1664449490.268,1664449490.332
1664449500.557,1664449500.576,1664449500.626
1664449511.077,1664449511.089,1664449511.136
1664449521.424,1664449521.447,1664449521.5
1664449531.772,1664449531.775,1664449531.807
1664449542.189,1664449542.219,1664449542.272
1664449552.536,1664449552.563,1664449552.609
1664449562.956,1664449562.975,1664449563.033
1664449573.551,1664449573.572,1664449573.618
1664449583.916,1664449583.919,1664449583.944
1664449594.307,1664449594.334,1664449594.373
1664449604.635,1664449604.661,1664449604.711
1664449615.004,1664449615.006,1664449615.041
1664449625.371,1664449625.396,1664449625.457
1664449635.71,1664449635.734,1664449635.797
1664449646.068,1664449646.071,1664449646.117
1664449656.415,1664449656.434,1664449656.493
1664449666.781,1664449666.784,1664449666.815
1664449677.125,1664449677.154,1664449677.194
1664449687.481,1664449687.511,1664449687.568
1664449697.828,1664449697.831,1664449697.858
1664449708.213,1664449708.241,1664449708.281
1664449718.547,1664449718.58,1664449718.63
1664449728.907,1664449728.909,1664449728.936
1664449739.255,1664449739.289,1664449739.33
1664449749.623,1664449749.626,1664449749.653
1664449759.966,1664449759.993,1664449760.052
1664449770.341,1664449770.356,1664449770.417
1664449780.692,1664449780.696,1664449780.723
1664449791.056,1664449791.061,1664449791.106
1664449801.419,1664449801.438,1664449801.478
1664449811.766,1664449811.792,1664449811.86
1664449822.357,1664449822.359,1664449822.396
1664449832.714,1664449832.718,1664449832.761
1664449843.079,1664449843.083,1664449843.122
1664449853.428,1664449853.452,1664449853.494
1664449863.813,1664449863.816,1664449863.851
1664449874.16,1664449874.163,1664449874.209
1664449884.497,1664449884.5,1664449884.554
1664449894.875,1664449894.898,1664449894.949
1664449905.243,1664449905.264,1664449905.302
1664449915.594,1664449915.628,1664449915.676
1664449925.937,1664449925.963,1664449926.02
1664449936.306,1664449936.33,1664449936.383
1664449946.637,1664449946.639,1664449946.67
1664449956.997,1664449957.03,1664449957.068
1664449967.631,1664449967.665,1664449967.705
1664449977.698,1664449977.725,1664449977.78
1664449988.085,1664449988.112,1664449988.174
1664449998.414,1664449998.417,1664449998.458
1664450008.769,1664450008.771,1664450008.803
1664450019.13,1664450019.147,1664450019.2
1664450029.487,1664450029.489,1664450029.518
1664450039.826,1664450039.828,1664450039.86
1664450050.194,1664450050.213,1664450050.257
1664450060.527,1664450060.531,1664450060.572
1664450071.195,1664450071.218,1664450071.282
1664450081.551,1664450081.577,1664450081.627
1664450091.894,1664450091.896,1664450091.928
1664450102.317,1664450102.34,1664450102.391
1664450112.652,1664450112.654,1664450112.683
1664450123.002,1664450123.031,1664450123.082
1664450133.367,1664450133.405,1664450133.444
1664450143.923,1664450143.958,1664450144.028
1664450154.077,1664450154.081,1664450154.138
1664450164.466,1664450164.47,1664450164.507
1664450174.828,1664450174.859,1664450174.908
1664450185.188,1664450185.213,1664450185.257
1664450195.581,1664450195.616,1664450195.66
1664450205.914,1664450205.938,1664450205.986
1664450216.254,1664450216.288,1664450216.327
1664450226.6,1664450226.618,1664450226.671
1664450236.951,1664450236.955,1664450237.007
1664450247.35,1664450247.353,1664450247.416
1664450257.721,1664450257.75,1664450257.897
1664450268.075,1664450268.093,1664450268.143
1664450278.376,1664450278.401,1664450278.436
1664450288.749,1664450288.752,1664450288.798
1664450299.108,1664450299.112,1664450299.145
1664450309.463,1664450309.494,1664450309.539
1664450320.091,1664450320.116,1664450320.163
1664450330.436,1664450330.457,1664450330.515
1664450340.777,1664450340.781,1664450340.816
1664450351.139,1664450351.143,1664450351.183
1664450361.494,1664450361.524,1664450361.569
1664450371.808,1664450371.833,1664450371.879
1664450382.199,1664450382.22,1664450382.268
1664450392.534,1664450392.552,1664450392.599
1664450403.002,1664450403.022,1664450403.061
1664450413.363,1664450413.385,1664450413.428
1664450423.699,1664450423.725,1664450423.767
1664450434.038,1664450434.042,1664450434.087
1664450444.382,1664450444.385,1664450444.42
1664450454.733,1664450454.76,1664450454.8
1664450465.088,1664450465.094,1664450465.126
1664450475.5,1664450475.519,1664450475.578
1664450485.783,1664450485.815,1664450485.855
1664450496.144,1664450496.176,1664450496.226
1664450506.532,1664450506.578,1664450506.635
1664450516.849,1664450516.852,1664450516.89
1664450527.184,1664450527.217,1664450527.255
1664450537.55,1664450537.577,1664450537.618
1664450547.873,1664450547.901,1664450547.942
1664450558.203,1664450558.226,1664450558.27
1664450568.816,1664450568.842,1664450568.905
1664450579.2,1664450579.226,1664450579.271
1664450589.543,1664450589.565,1664450589.613
1664450599.893,1664450599.914,1664450599.967
1664450610.284,1664450610.318,1664450610.363
1664450620.602,1664450620.626,1664450620.669
1664450630.945,1664450630.956,1664450630.994
1664450641.296,1664450641.301,1664450641.344
1664450651.651,1664450651.654,1664450651.681
1664450662.04,1664450662.069,1664450662.127
1664450672.343,1664450672.377,1664450672.418
1664450682.706,1664450682.738,1664450682.786
1664450693.041,1664450693.077,1664450693.115
1664450703.428,1664450703.451,1664450703.498
1664450713.782,1664450713.784,1664450713.823
1664450724.149,1664450724.187,1664450724.226
1664450734.495,1664450734.498,1664450734.525
1664450744.851,1664450744.854,1664450744.88
1664450755.192,1664450755.208,1664450755.252
1664450765.57,1664450765.572,1664450765.599
1664450775.907,1664450775.91,1664450775.958
1664450786.275,1664450786.303,1664450786.343
1664450796.618,1664450796.623,1664450796.665
1664450806.972,1664450807.003,1664450807.061
1664450817.568,1664450817.593,1664450817.629
1664450827.932,1664450827.958,1664450828.012
1664450838.296,1664450838.318,1664450838.362
1664450848.73,1664450848.737,1664450848.778
1664450858.964,1664450858.994,1664450859.051
1664450869.303,1664450869.329,1664450869.367
1664450879.66,1664450879.69,1664450879.735
1664450890.006,1664450890.033,1664450890.165
1664450900.372,1664450900.397,1664450900.439
1664450910.731,1664450910.739,1664450910.795
1664450921.161,1664450921.185,1664450921.239
1664450931.501,1664450931.512,1664450931.562
1664450941.912,1664450941.914,1664450941.952
1664450952.28,1664450952.303,1664450952.362
1664450962.663,1664450962.687,1664450962.74
1664450972.981,1664450973.005,1664450973.059
1664450983.332,1664450983.355,1664450983.395
1664450993.697,1664450993.701,1664450993.753
1664451004.174,1664451004.195,1664451004.238
1664451014.494,1664451014.523,1664451014.578
1664451024.924,1664451024.957,1664451024.993
1664451035.196,1664451035.198,1664451035.231
1664451045.549,1664451045.555,1664451045.59
1664451055.89,1664451055.892,1664451055.919
1664451066.511,1664451066.515,1664451066.547
1664451076.856,1664451076.885,1664451076.942
1664451087.207,1664451087.224,1664451087.276
1664451097.551,1664451097.582,1664451097.631
1664451107.888,1664451107.894,1664451107.941
1664451118.313,1664451118.33,1664451118.374
1664451128.648,1664451128.65,1664451128.686
1664451139.013,1664451139.02,1664451139.061
1664451149.424,1664451149.467,1664451149.535
1664451159.802,1664451159.827,1664451159.88
1664451170.109,1664451170.112,1664451170.143
1664451180.471,1664451180.492,1664451180.556
1664451190.874,1664451190.891,1664451190.96
1664451201.187,1664451201.19,1664451201.236
1664451211.539,1664451211.542,1664451211.578
1664451221.927,1664451221.96,1664451222.011
1664451232.228,1664451232.254,1664451232.294
1664451242.634,1664451242.64,1664451242.689
1664451253.036,1664451253.063,1664451253.12
1664451263.333,1664451263.359,1664451263.417
1664451273.674,1664451273.678,1664451273.702
1664451284.026,1664451284.067,1664451284.107
1664451294.366,1664451294.37,1664451294.394
1664451304.788,1664451304.812,1664451304.855
1664451315.433,1664451315.452,1664451315.508
1664451325.793,1664451325.828,1664451325.882
1664451336.123,1664451336.147,1664451336.183
1664451346.469,1664451346.472,1664451346.503
1664451356.834,1664451356.837,1664451356.872
1664451367.199,1664451367.227,1664451367.262
1664451377.566,1664451377.574,1664451377.621
1664451387.897,1664451387.916,1664451387.986
1664451398.235,1664451398.238,1664451398.276
1664451408.583,1664451408.587,1664451408.626
1664451418.951,1664451418.959,1664451419.0
1664451429.277,1664451429.299,1664451429.356
1664451439.618,1664451439.642,1664451439.696
1664451449.971,1664451450.0,1664451450.072
1664451460.311,1664451460.314,1664451460.345
1664451470.682,1664451470.7,1664451470.758
1664451481.009,1664451481.011,1664451481.045
1664451491.368,1664451491.387,1664451491.439
1664451501.726,1664451501.756,1664451501.807
1664451512.055,1664451512.057,1664451512.099
1664451522.438,1664451522.461,1664451522.513
1664451532.732,1664451532.75,1664451532.789
1664451543.094,1664451543.097,1664451543.147
1664451553.464,1664451553.48,1664451553.534
1664451564.093,1664451564.117,1664451564.161
1664451574.476,1664451574.5,1664451574.547
1664451584.794,1664451584.819,1664451584.856
1664451595.143,1664451595.179,1664451595.221
1664451605.573,1664451605.576,1664451605.611
1664451615.988,1664451616.019,1664451616.061
1664451626.331,1664451626.333,1664451626.376
1664451636.772,1664451636.808,1664451636.86
1664451647.136,1664451647.164,1664451647.208
1664451657.485,1664451657.513,1664451657.708
1664451667.852,1664451667.855,1664451667.886
1664451678.219,1664451678.254,1664451678.31
1664451688.572,1664451688.591,1664451688.642
1664451698.975,1664451698.994,1664451699.048
1664451709.263,1664451709.288,1664451709.329
1664451719.645,1664451719.649,1664451719.706
1664451729.993,1664451729.995,1664451730.035
1664451740.347,1664451740.352,1664451740.384
1664451750.687,1664451750.713,1664451750.749
1664451761.032,1664451761.034,1664451761.069
1664451771.482,1664451771.502,1664451771.537
1664451781.763,1664451781.766,1664451781.803
1664451792.095,1664451792.098,1664451792.145
1664451802.454,1664451802.479,1664451802.538
1664451813.076,1664451813.079,1664451813.106
1664451823.408,1664451823.441,1664451823.505
1664451833.745,1664451833.749,1664451833.776
1664451844.208,1664451844.263,1664451844.304
1664451854.524,1664451854.527,1664451854.558
1664451864.896,1664451864.926,1664451864.969
1664451875.218,1664451875.236,1664451875.29
1664451885.573,1664451885.602,1664451885.635
1664451895.941,1664451895.97,1664451896.021
1664451906.397,1664451906.5,1664451906.53
1664451916.738,1664451916.769,1664451916.824
1664451927.114,1664451927.147,1664451927.201
1664451937.406,1664451937.437,1664451937.485
1664451947.764,1664451947.769,1664451947.799
1664451958.107,1664451958.125,1664451958.171
1664451968.48,1664451968.504,1664451968.576
1664451978.816,1664451978.819,1664451978.856
1664451989.178,1664451989.205,1664451989.249
1664451999.512,1664451999.515,1664451999.545
1664452009.889,1664452009.914,1664452009.95
1664452020.227,1664452020.25,1664452020.291
1664452030.598,1664452030.62,1664452030.665
1664452040.933,1664452040.955,1664452041.003
1664452051.28,1664452051.305,1664452051.343
1664452061.893,1664452061.897,1664452062.069
1664452072.231,1664452072.238,1664452072.271
1664452082.616,1664452082.619,1664452082.651
1664452093.027,1664452093.039,1664452093.164
1664452103.333,1664452103.447,1664452103.49
1664452113.661,1664452113.665,1664452113.705
1664452123.997,1664452124.001,1664452124.035
1664452134.352,1664452134.355,1664452134.392
1664452144.701,1664452144.736,1664452144.793
1664452155.073,1664452155.107,1664452155.142
1664452165.412,1664452165.415,1664452165.446
1664452175.771,1664452175.805,1664452175.864
1664452186.095,1664452186.097,1664452186.14
1664452196.463,1664452196.465,1664452196.502
1664452206.881,1664452206.883,1664452206.927
1664452217.229,1664452217.239,1664452217.277
1664452227.573,1664452227.58,1664452227.638
1664452237.91,1664452237.935,1664452237.998
1664452248.322,1664452248.325,1664452248.372
1664452258.689,1664452258.716,1664452258.754
1664452269.044,1664452269.066,1664452269.114
1664452279.399,1664452279.423,1664452279.488
1664452289.759,1664452289.778,1664452289.834
1664452300.135,1664452300.16,1664452300.218
1664452310.755,1664452310.786,1664452310.862
1664452321.083,1664452321.088,1664452321.142
1664452331.456,1664452331.476,1664452331.549
1664452341.857,1664452341.882,1664452341.946
1664452352.197,1664452352.226,1664452352.269
1664452362.535,1664452362.558,1664452362.614
1664452372.9,1664452372.927,1664452372.994
1664452383.258,1664452383.261,1664452383.303
1664452393.611,1664452393.649,1664452393.695
1664452404.062,1664452404.088,1664452404.192
1664452414.35,1664452414.386,1664452414.44
1664452424.715,1664452424.734,1664452424.793
1664452435.083,1664452435.111,1664452435.27
1664452445.426,1664452445.429,1664452445.46
1664452455.772,1664452455.789,1664452455.831
1664452466.138,1664452466.168,1664452466.244
1664452476.553,1664452476.574,1664452476.63
1664452486.889,1664452486.911,1664452486.972
1664452497.212,1664452497.217,1664452497.262
1664452507.579,1664452507.613,1664452507.67
1664452517.919,1664452517.938,1664452517.98
1664452528.282,1664452528.304,1664452528.346
1664452538.62,1664452538.638,1664452538.678
1664452548.992,1664452548.995,1664452549.023
1664452559.649,1664452559.653,1664452559.682
1664452569.966,1664452569.969,1664452569.997
1664452580.355,1664452580.459,1664452580.484
1664452590.683,1664452590.705,1664452590.755
1664452601.049,1664452601.08,1664452601.117
1664452611.381,1664452611.401,1664452611.464
1664452621.76,1664452621.78,1664452621.832
1664452632.097,1664452632.1,1664452632.142
1664452642.45,1664452642.477,1664452642.528
1664452652.785,1664452652.788,1664452652.829
1664452663.143,1664452663.172,1664452663.231
1664452673.485,1664452673.509,1664452673.574
1664452683.874,1664452683.89,1664452683.926
1664452694.153,1664452694.156,1664452694.19
1664452704.536,1664452704.562,1664452704.606
1664452714.859,1664452714.884,1664452714.926
1664452725.214,1664452725.261,1664452725.321
1664452735.531,1664452735.535,1664452735.56
1664452745.88,1664452745.91,1664452745.964
1664452756.221,1664452756.251,1664452756.31
1664452766.574,1664452766.577,1664452766.614
1664452776.912,1664452776.915,1664452776.965
1664452787.259,1664452787.262,1664452787.308
1664452797.635,1664452797.664,1664452797.71
1664452808.365,1664452808.395,1664452808.448
1664452818.688,1664452818.716,1664452818.772
1664452829.051,1664452829.079,1664452829.128
1664452839.412,1664452839.431,1664452839.48
1664452849.766,1664452849.77,1664452849.802
1664452860.119,1664452860.122,1664452860.157
1664452870.497,1664452870.501,1664452870.545
1664452880.843,1664452880.863,1664452880.907
1664452891.174,1664452891.201,1664452891.241
1664452901.528,1664452901.555,1664452901.606
1664452911.872,1664452911.875,1664452911.913
1664452922.255,1664452922.257,1664452922.307
1664452932.629,1664452932.655,1664452932.703
1664452942.977,1664452942.981,1664452943.022
1664452953.653,1664452953.694,1664452953.733
1664452963.691,1664452963.709,1664452963.765
1664452974.038,1664452974.065,1664452974.111
1664452984.429,1664452984.452,1664452984.513
1664452994.788,1664452994.794,1664452994.843
1664453005.168,1664453005.184,1664453005.222
1664453015.495,1664453015.498,1664453015.524
1664453025.865,1664453025.894,1664453025.944
1664453036.203,1664453036.224,1664453036.273
1664453046.547,1664453046.578,1664453046.659
1664453057.166,1664453057.19,1664453057.241
1664453067.521,1664453067.544,1664453067.592
1664453077.889,1664453077.907,1664453077.952
1664453088.275,1664453088.302,1664453088.336
1664453098.618,1664453098.62,1664453098.653
1664453109.088,1664453109.108,1664453109.153
1664453119.447,1664453119.472,1664453119.533
1664453129.779,1664453129.809,1664453129.877
1664453140.143,1664453140.161,1664453140.205
1664453150.518,1664453150.547,1664453150.596
1664453160.888,1664453160.912,1664453160.957
1664453171.254,1664453171.257,1664453171.306
1664453181.609,1664453181.637,1664453181.675
1664453191.96,1664453191.982,1664453192.05
1664453202.317,1664453202.321,1664453202.356
1664453212.666,1664453212.698,1664453212.745
1664453223.04,1664453223.055,1664453223.094
1664453233.417,1664453233.42,1664453233.447
1664453243.797,1664453243.802,1664453243.84
1664453254.144,1664453254.163,1664453254.216
1664453264.511,1664453264.537,1664453264.612
1664453274.857,1664453274.883,1664453274.927
1664453285.249,1664453285.253,1664453285.301
1664453295.621,1664453295.639,1664453295.685
1664453306.191,1664453306.194,1664453306.231
1664453316.529,1664453316.562,1664453316.619
1664453326.854,1664453326.861,1664453326.904
1664453337.204,1664453337.237,1664453337.279
1664453347.572,1664453347.607,1664453347.662
1664453357.95,1664453357.972,1664453358.026
1664453368.278,1664453368.282,1664453368.308
1664453378.625,1664453378.65,1664453378.685
1664453388.97,1664453388.976,1664453389.004
1664453399.302,1664453399.32,1664453399.369
1664453409.684,1664453409.726,1664453409.775
1664453420.344,1664453420.351,1664453420.419
1664453430.383,1664453430.404,1664453430.449
1664453440.711,1664453440.734,1664453440.782
1664453451.087,1664453451.09,1664453451.159
1664453461.42,1664453461.445,1664453461.508
1664453471.764,1664453471.802,1664453471.853
1664453482.122,1664453482.151,1664453482.194
1664453492.472,1664453492.492,1664453492.547
1664453502.929,1664453502.948,1664453502.995
1664453513.16,1664453513.193,1664453513.243
1664453523.537,1664453523.571,1664453523.618
1664453533.86,1664453533.886,1664453533.929
1664453544.201,1664453544.225,1664453544.266
1664453554.836,1664453554.858,1664453554.902
1664453565.228,1664453565.255,1664453565.307
1664453575.51,1664453575.542,1664453575.586
1664453585.908,1664453585.92,1664453585.988
1664453596.231,1664453596.253,1664453596.308
1664453606.61,1664453606.614,1664453606.769
1664453616.973,1664453616.995,1664453617.058
1664453627.318,1664453627.346,1664453627.4
1664453637.665,1664453637.688,1664453637.726
1664453648.021,1664453648.053,1664453648.106
1664453658.35,1664453658.369,1664453658.415
1664453668.704,1664453668.723,1664453668.766
1664453679.035,1664453679.057,1664453679.096
1664453689.415,1664453689.433,1664453689.477
1664453699.721,1664453699.724,1664453699.756
1664453710.081,1664453710.084,1664453710.11
1664453720.428,1664453720.431,1664453720.477
1664453730.788,1664453730.793,1664453730.843
1664453741.138,1664453741.167,1664453741.235
1664453751.498,1664453751.521,1664453751.564
1664453761.911,1664453761.914,1664453761.942
1664453772.283,1664453772.287,1664453772.333
1664453782.632,1664453782.634,1664453782.678
1664453792.997,1664453793.034,1664453793.106
1664453803.709,1664453803.713,1664453803.762
1664453813.99,1664453814.014,1664453814.075
1664453824.372,1664453824.375,1664453824.41
1664453834.727,1664453834.753,1664453834.788
1664453845.095,1664453845.12,1664453845.156
1664453855.448,1664453855.478,1664453855.544
1664453865.784,1664453865.787,1664453865.824
1664453876.143,1664453876.158,1664453876.194
1664453886.51,1664453886.513,1664453886.553
1664453896.9,1664453896.911,1664453896.961
1664453907.238,1664453907.27,1664453907.318
1664453917.605,1664453917.631,1664453917.668
1664453927.97,1664453928.001,1664453928.043
1664453938.309,1664453938.331,1664453938.388
1664453948.672,1664453948.685,1664453948.737
1664453959.0,1664453959.022,1664453959.072
1664453969.501,1664453969.506,1664453969.547
1664453979.874,1664453979.898,1664453979.945
1664453990.228,1664453990.257,1664453990.31
1664454000.603,1664454000.619,1664454000.675
1664454011.013,1664454011.028,1664454011.072
1664454021.35,1664454021.38,1664454021.448
1664454031.708,1664454031.71,1664454031.749
1664454042.089,1664454042.092,1664454042.15
1664454052.687,1664454052.69,1664454052.717
1664454063.119,1664454063.148,1664454063.214
1664454073.476,1664454073.48,1664454073.515
1664454083.86,1664454083.887,1664454083.954
1664454094.165,1664454094.197,1664454094.253
1664454104.516,1664454104.534,1664454104.579
1664454114.86,1664454114.874,1664454114.931
1664454125.203,1664454125.22,1664454125.275
1664454135.67,1664454135.698,1664454135.758
1664454145.9,1664454145.931,1664454145.982
1664454156.395,1664454156.448,1664454156.498
1664454166.587,1664454166.601,1664454166.654
1664454176.921,1664454176.938,1664454176.999
1664454187.285,1664454187.29,1664454187.338
1664454197.653,1664454197.669,1664454197.831
1664454208.044,1664454208.079,1664454208.372
1664454218.318,1664454218.321,1664454218.358
1664454228.664,1664454228.668,1664454228.714
1664454239.011,1664454239.013,1664454239.056
1664454249.349,1664454249.351,1664454249.379
1664454259.726,1664454259.73,1664454259.77
1664454270.079,1664454270.108,1664454270.153
1664454280.41,1664454280.432,1664454280.499
1664454290.773,1664454290.804,1664454290.858
1664454301.341,1664454301.363,1664454301.403
1664454311.725,1664454311.757,1664454311.795
1664454322.07,1664454322.072,1664454322.1
1664454332.466,1664454332.495,1664454332.536
1664454342.797,1664454342.818,1664454342.874
1664454353.158,1664454353.185,1664454353.223
1664454363.584,1664454363.586,1664454363.63
1664454374.069,1664454374.096,1664454374.159
1664454384.303,1664454384.331,1664454384.378
1664454394.657,1664454394.687,1664454394.751
1664454405.019,1664454405.032,1664454405.066
1664454415.397,1664454415.423,1664454415.495
1664454425.727,1664454425.766,1664454425.807
1664454436.091,1664454436.097,1664454436.141
1664454446.46,1664454446.481,1664454446.528
1664454456.826,1664454456.847,1664454456.897
1664454467.187,1664454467.214,1664454467.26
1664454477.538,1664454477.567,1664454477.622
1664454487.896,1664454487.926,1664454487.987
1664454498.248,1664454498.268,1664454498.321
1664454508.618,1664454508.637,1664454508.69
1664454518.991,1664454519.028,1664454519.075
1664454529.319,1664454529.321,1664454529.372
1664454539.686,1664454539.714,1664454539.776
1664454550.31,1664454550.343,1664454550.388
1664454560.714,1664454560.731,1664454560.875
1664454571.015,1664454571.04,1664454571.081
1664454581.349,1664454581.351,1664454581.431
1664454591.696,1664454591.698,1664454591.746
1664454602.109,1664454602.111,1664454602.148
1664454612.434,1664454612.454,1664454612.507
1664454622.789,1664454622.791,1664454622.833
1664454633.154,1664454633.173,1664454633.234
1664454643.475,1664454643.477,1664454643.506
1664454653.819,1664454653.852,1664454653.897
1664454664.181,1664454664.186,1664454664.211
1664454674.516,1664454674.52,1664454674.557
1664454684.859,1664454684.862,1664454684.909
1664454695.203,1664454695.228,1664454695.267
1664454705.527,1664454705.549,1664454705.589
1664454715.868,1664454715.87,1664454715.896
1664454726.255,1664454726.278,1664454726.318
1664454736.611,1664454736.627,1664454736.669
1664454746.949,1664454746.974,1664454747.042
1664454757.319,1664454757.325,1664454757.366
1664454767.639,1664454767.677,1664454767.737
1664454777.971,1664454777.973,1664454778.023
1664454788.504,1664454788.532,1664454788.582
1664454799.011,1664454799.042,1664454799.096
1664454809.408,1664454809.413,1664454809.459
1664454819.683,1664454819.719,1664454819.769
1664454830.047,1664454830.09,1664454830.142
1664454840.545,1664454840.564,1664454840.619
1664454850.725,1664454850.742,1664454850.941
1664454861.065,1664454861.084,1664454861.216
1664454871.43,1664454871.469,1664454871.52
1664454881.749,1664454881.769,1664454881.816
1664454892.107,1664454892.125,1664454892.164
1664454902.557,1664454902.576,1664454902.631
1664454912.856,1664454912.865,1664454912.911
1664454923.193,1664454923.215,1664454923.253
1664454933.579,1664454933.598,1664454933.647
1664454943.893,1664454943.898,1664454943.934
1664454954.242,1664454954.264,1664454954.326
1664454964.593,1664454964.608,1664454964.66
1664454974.922,1664454974.955,1664454974.992
1664454985.295,1664454985.32,1664454985.369
1664454995.617,1664454995.641,1664454995.685
1664455005.967,1664455005.992,1664455006.037
1664455016.308,1664455016.335,1664455016.39
1664455026.664,1664455026.672,1664455026.709
1664455037.057,1664455037.06,1664455037.096
1664455047.821,1664455047.85,1664455047.905
1664455058.065,1664455058.094,1664455058.136
1664455068.47,1664455068.505,1664455068.563
1664455078.767,1664455078.769,1664455078.798
1664455089.118,1664455089.121,1664455089.156
1664455099.494,1664455099.527,1664455099.57
1664455109.812,1664455109.834,1664455109.872
1664455120.211,1664455120.227,1664455120.333
1664455130.539,1664455130.568,1664455130.623
1664455140.905,1664455140.911,1664455140.94
1664455151.237,1664455151.264,1664455151.32
1664455161.574,1664455161.576,1664455161.608
1664455171.943,1664455171.952,1664455171.972
1664455182.336,1664455182.342,1664455182.404
1664455192.622,1664455192.652,1664455192.689
1664455203.056,1664455203.059,1664455203.105
1664455213.387,1664455213.39,1664455213.43
1664455223.751,1664455223.754,1664455223.796
1664455234.083,1664455234.11,1664455234.18
1664455244.42,1664455244.442,1664455244.488
1664455254.766,1664455254.793,1664455254.83
1664455265.089,1664455265.095,1664455265.119
1664455275.436,1664455275.473,1664455275.519
1664455285.783,1664455285.82,1664455285.858
1664455296.378,1664455296.405,1664455296.45
1664455306.736,1664455306.738,1664455306.777
1664455317.123,1664455317.15,1664455317.213
1664455327.462,1664455327.49,1664455327.56
1664455337.815,1664455337.845,1664455337.9
1664455348.153,1664455348.168,1664455348.208
1664455358.507,1664455358.536,1664455358.579
1664455368.862,1664455368.888,1664455368.935
1664455379.202,1664455379.231,1664455379.279
1664455389.556,1664455389.565,1664455389.59
1664455399.87,1664455399.872,1664455399.899
1664455410.22,1664455410.222,1664455410.246
1664455420.565,1664455420.581,1664455420.63
1664455430.928,1664455430.953,1664455431.0
1664455441.272,1664455441.292,1664455441.341
1664455451.672,1664455451.691,1664455451.751
1664455462.007,1664455462.035,1664455462.094
1664455472.415,1664455472.436,1664455472.636
1664455482.771,1664455482.786,1664455482.843
1664455493.096,1664455493.121,1664455493.165
1664455503.515,1664455503.518,1664455503.547
1664455513.862,1664455513.866,1664455513.92
1664455524.312,1664455524.349,1664455524.394
1664455534.683,1664455534.695,1664455534.74
1664455545.299,1664455545.315,1664455545.367
1664455555.633,1664455555.636,1664455555.665
1664455565.99,1664455566.013,1664455566.049
1664455576.344,1664455576.348,1664455576.384
1664455586.731,1664455586.758,1664455586.812
1664455597.071,1664455597.098,1664455597.156
1664455607.442,1664455607.458,1664455607.511
1664455617.772,1664455617.797,1664455617.846
1664455628.121,1664455628.153,1664455628.196
1664455638.471,1664455638.495,1664455638.536
1664455648.858,1664455648.878,1664455649.065
1664455659.183,1664455659.202,1664455659.242
1664455669.556,1664455669.585,1664455669.63
1664455679.876,1664455679.878,1664455679.907
1664455690.231,1664455690.233,1664455690.259
1664455700.655,1664455700.679,1664455700.73
1664455710.924,1664455710.928,1664455710.965
1664455759.131,1664455759.155,1664455759.198
1664455769.76,1664455769.786,1664455769.833
1664455780.333,1664455780.369,1664455780.407
1664455790.941,1664455790.975,1664455791.019
1664455801.339,1664455801.341,1664455801.375
1664455811.635,1664455811.644,1664455811.679
1664455821.998,1664455822.02,1664455822.076
1664455832.348,1664455832.382,1664455832.426
1664455842.676,1664455842.679,1664455842.721
1664455853.029,1664455853.06,1664455853.098
1664455863.41,1664455863.442,1664455863.494
1664455873.733,1664455873.736,1664455873.77
1664455884.173,1664455884.209,1664455884.264
1664455894.538,1664455894.561,1664455894.605
1664455904.919,1664455904.938,1664455904.979
1664455915.255,1664455915.258,1664455915.283
1664455925.629,1664455925.65,1664455925.693
1664455935.984,1664455936.013,1664455936.06
1664455946.332,1664455946.369,1664455946.408
1664455956.679,1664455956.695,1664455956.742
1664455967.003,1664455967.006,1664455967.055
1664455977.444,1664455977.463,1664455977.538
1664455987.706,1664455987.736,1664455987.789
1664455998.045,1664455998.069,1664455998.129
1664456008.408,1664456008.441,1664456008.495
1664456018.902,1664456018.934,1664456018.977
1664456029.201,1664456029.232,1664456029.273
1664456039.762,1664456039.765,1664456039.796
1664456050.121,1664456050.123,1664456050.153
1664456060.459,1664456060.462,1664456060.491
1664456070.808,1664456070.811,1664456070.84
1664456081.149,1664456081.185,1664456081.232
1664456091.503,1664456091.523,1664456091.58
1664456101.865,1664456101.872,1664456101.909
1664456112.227,1664456112.255,1664456112.309
1664456122.621,1664456122.623,1664456122.654
1664456132.969,1664456132.971,1664456133.017
1664456143.326,1664456143.361,1664456143.402
1664456153.757,1664456153.762,1664456153.797
1664456164.034,1664456164.053,1664456164.107
1664456174.392,1664456174.406,1664456174.462
1664456184.755,1664456184.796,1664456184.844
1664456195.077,1664456195.114,1664456195.175
1664456205.417,1664456205.445,1664456205.488
1664456215.771,1664456215.798,1664456215.846
1664456226.121,1664456226.124,1664456226.164
1664456236.482,1664456236.487,1664456236.54
1664456246.834,1664456246.871,1664456246.914
1664456257.184,1664456257.187,1664456257.216
1664456267.544,1664456267.569,1664456267.625
1664456277.869,1664456277.872,1664456277.923
1664456288.473,1664456288.476,1664456288.504
1664456298.838,1664456298.841,1664456298.875
1664456309.265,1664456309.28,1664456309.33
1664456319.6,1664456319.605,1664456319.628
1664456329.962,1664456329.984,1664456330.035
1664456340.322,1664456340.344,1664456340.392
1664456350.653,1664456350.675,1664456350.717
1664456361.049,1664456361.075,1664456361.13
1664456371.362,1664456371.524,1664456371.605
1664456381.713,1664456381.735,1664456381.772
1664456392.078,1664456392.106,1664456392.15
1664456402.587,1664456402.595,1664456402.671
1664456412.986,1664456413.002,1664456413.053
1664456423.339,1664456423.365,1664456423.42
1664456433.703,1664456433.706,1664456433.751
1664456444.05,1664456444.065,1664456444.135
1664456454.426,1664456454.442,1664456454.504
1664456464.827,1664456464.858,1664456464.907
1664456475.189,1664456475.192,1664456475.237
1664456485.52,1664456485.547,1664456485.593
1664456495.865,1664456495.886,1664456495.933
1664456506.223,1664456506.225,1664456506.261
1664456516.572,1664456516.574,1664456516.599
1664456526.947,1664456526.981,1664456527.019
1664456537.526,1664456537.551,1664456537.589
1664456547.882,1664456547.884,1664456547.912
1664456558.225,1664456558.228,1664456558.263
1664456568.565,1664456568.567,1664456568.611
1664456578.932,1664456578.936,1664456578.975
1664456589.315,1664456589.319,1664456589.352
1664456599.708,1664456599.711,1664456599.739
1664456610.051,1664456610.075,1664456610.113
1664456620.443,1664456620.464,1664456620.535
1664456630.736,1664456630.739,1664456630.78
1664456641.109,1664456641.134,1664456641.195
1664456651.494,1664456651.505,1664456651.545
1664456661.838,1664456661.858,1664456661.893
1664456672.187,1664456672.216,1664456672.261
1664456682.527,1664456682.53,1664456682.556
1664456692.878,1664456692.881,1664456692.923
1664456703.291,1664456703.307,1664456703.359
1664456713.682,1664456713.7,1664456713.772
1664456724.028,1664456724.052,1664456724.114
1664456734.344,1664456734.347,1664456734.397
1664456744.683,1664456744.687,1664456744.726
1664456755.029,1664456755.052,1664456755.111
1664456765.409,1664456765.438,1664456765.488
1664456775.778,1664456775.813,1664456775.875
1664456786.334,1664456786.337,1664456786.373
1664456796.703,1664456796.706,1664456796.741
1664456807.14,1664456807.158,1664456807.21
1664456817.499,1664456817.502,1664456817.543
1664456827.845,1664456827.847,1664456827.88
1664456838.233,1664456838.27,1664456838.331
1664456848.62,1664456848.644,1664456848.684
1664456859.065,1664456859.081,1664456859.137
1664456869.342,1664456869.374,1664456869.415
1664456879.685,1664456879.712,1664456879.762
1664456890.032,1664456890.036,1664456890.063
1664456900.402,1664456900.499,1664456900.548
1664456910.773,1664456910.799,1664456910.837
1664456921.113,1664456921.116,1664456921.16
1664456931.489,1664456931.494,1664456931.535
1664456941.849,1664456941.868,1664456941.915
1664456952.192,1664456952.195,1664456952.243
1664456962.557,1664456962.559,1664456962.593
1664456972.945,1664456972.964,1664456973.034
1664456983.287,1664456983.314,1664456983.366
1664456993.657,1664456993.676,1664456993.738
1664457004.093,1664457004.097,1664457004.138
1664457014.622,1664457014.648,1664457014.701
1664457024.956,1664457024.959,1664457025.002
1664457035.565,1664457035.592,1664457035.667
1664457046.185,1664457046.2,1664457046.263
1664457056.353,1664457056.39,1664457056.437
1664457066.67,1664457066.698,1664457066.766
1664457077.01,1664457077.014,1664457077.067
1664457087.366,1664457087.381,1664457087.418
1664457097.725,1664457097.756,1664457097.817
1664457108.078,1664457108.103,1664457108.16
1664457118.416,1664457118.458,1664457118.498
1664457128.833,1664457128.865,1664457128.919
1664457139.12,1664457139.125,1664457139.155
1664457149.458,1664457149.494,1664457149.544
1664457159.891,1664457159.909,1664457159.957
1664457170.217,1664457170.22,1664457170.26
1664457180.638,1664457180.661,1664457180.721
1664457191.008,1664457191.039,1664457191.092
1664457201.344,1664457201.369,1664457201.41
1664457211.692,1664457211.695,1664457211.758
1664457222.063,1664457222.08,1664457222.137
1664457232.401,1664457232.404,1664457232.439
1664457242.779,1664457242.781,1664457242.831
1664457253.136,1664457253.164,1664457253.238
1664457263.499,1664457263.504,1664457263.546
1664457273.969,1664457273.992,1664457274.062
1664457284.455,1664457284.48,1664457284.518
1664457294.992,1664457295.038,1664457295.096
1664457305.274,1664457305.302,1664457305.384
1664457315.594,1664457315.602,1664457315.643
1664457325.913,1664457325.916,1664457325.949
1664457336.279,1664457336.281,1664457336.305
1664457346.625,1664457346.628,1664457346.662
1664457356.974,1664457356.977,1664457357.025
1664457367.391,1664457367.409,1664457367.459
1664457377.712,1664457377.716,1664457377.768
1664457388.036,1664457388.038,1664457388.073
1664457398.378,1664457398.381,1664457398.424
1664457408.727,1664457408.748,1664457408.813
