Start,End
1664436638.125,1664436638.464
1664436648.503,1664436649.161
1664436658.88,1664436659.307
1664436669.314,1664436669.819
1664436679.656,1664436680.219
1664436689.985,1664436690.367
1664436700.364,1664436700.814
1664436710.713,1664436711.251
1664436721.105,1664436721.611
1664436731.434,1664436731.846
1664436741.774,1664436742.17
1664436752.152,1664436752.711
1664436762.498,1664436762.936
1664436772.86,1664436773.227
1664436783.268,1664436783.73
1664436793.662,1664436794.237
1664436803.972,1664436804.306
1664436814.358,1664436814.789
1664436824.703,1664436825.135
1664436835.09,1664436835.71
1664436845.439,1664436845.871
1664436855.808,1664436856.128
1664436866.187,1664436866.589
1664436876.537,1664436877.051
1664436887.172,1664436887.51
1664436897.521,1664436898.122
1664436907.883,1664436908.431
1664436918.223,1664436918.61
1664436928.599,1664436929.011
1664436938.955,1664436939.348
1664436949.287,1664436949.814
1664436959.645,1664436960.132
1664436969.992,1664436970.511
1664436980.336,1664436980.732
1664436990.676,1664436991.111
1664437001.008,1664437001.332
1664437011.353,1664437011.813
1664437021.754,1664437022.231
1664437032.117,1664437032.563
1664437042.446,1664437042.834
1664437052.808,1664437053.289
1664437063.164,1664437063.887
1664437073.514,1664437074.01
1664437083.904,1664437084.272
1664437094.248,1664437094.67
1664437104.597,1664437104.971
1664437114.941,1664437115.348
1664437125.29,1664437126.006
1664437135.919,1664437136.351
1664437146.256,1664437146.758
1664437156.629,1664437157.112
1664437166.969,1664437167.312
1664437177.328,1664437177.891
1664437187.66,1664437188.371
1664437198.008,1664437198.487
1664437208.417,1664437208.752
1664437218.789,1664437219.191
1664437229.158,1664437229.848
1664437239.464,1664437239.931
1664437249.805,1664437250.149
1664437260.148,1664437260.534
1664437270.502,1664437270.931
1664437280.85,1664437281.237
1664437291.191,1664437291.637
1664437301.543,1664437301.89
1664437311.925,1664437312.349
1664437322.568,1664437322.989
1664437332.911,1664437333.317
1664437343.275,1664437343.653
1664437353.647,1664437354.036
1664437363.967,1664437364.372
1664437374.35,1664437374.795
1664437384.985,1664437385.39
1664437395.366,1664437395.775
1664437405.724,1664437406.116
1664437416.096,1664437416.472
1664437426.447,1664437426.813
1664437436.797,1664437437.151
1664437447.16,1664437447.574
1664437457.507,1664437457.855
1664437467.848,1664437468.262
1664437478.199,1664437478.572
1664437488.541,1664437488.933
1664437498.901,1664437499.255
1664437509.253,1664437509.592
1664437519.61,1664437520.04
1664437529.959,1664437530.476
1664437540.331,1664437540.714
1664437550.719,1664437551.196
1664437561.078,1664437561.644
1664437571.456,1664437571.896
1664437581.805,1664437582.135
1664437592.157,1664437592.619
1664437602.506,1664437603.021
1664437612.853,1664437613.193
1664437623.26,1664437623.677
1664437633.854,1664437634.457
1664437644.247,1664437644.617
1664437654.602,1664437655.039
1664437664.964,1664437665.316
1664437675.343,1664437675.739
1664437685.721,1664437686.396
1664437696.09,1664437696.392
1664437706.433,1664437706.813
1664437716.782,1664437717.135
1664437727.167,1664437727.534
1664437737.568,1664437738.066
1664437747.893,1664437748.274
1664437758.277,1664437758.856
1664437768.665,1664437769.141
1664437779.039,1664437779.554
1664437789.402,1664437789.817
1664437799.796,1664437800.362
1664437810.201,1664437810.613
1664437820.573,1664437820.999
1664437830.914,1664437831.297
1664437841.304,1664437841.802
1664437851.642,1664437852.075
1664437862.085,1664437862.54
1664437872.426,1664437872.782
1664437883.08,1664437883.435
1664437893.467,1664437894.024
1664437903.797,1664437904.158
1664437914.148,1664437914.538
1664437924.516,1664437924.934
1664437934.879,1664437935.317
1664437945.228,1664437945.718
1664437955.578,1664437956.001
1664437965.938,1664437966.426
1664437976.318,1664437976.694
1664437986.63,1664437987.116
1664437996.936,1664437997.422
1664438007.387,1664438007.753
1664438017.769,1664438018.697
1664438028.123,1664438028.594
1664438038.477,1664438038.876
1664438048.835,1664438049.289
1664438059.185,1664438059.711
1664438069.545,1664438069.957
1664438079.875,1664438080.223
1664438090.252,1664438090.746
1664438100.621,1664438101.15
1664438110.98,1664438111.379
1664438121.347,1664438121.877
1664438131.91,1664438132.386
1664438142.33,1664438142.696
1664438152.61,1664438153.239
1664438162.966,1664438163.339
1664438173.305,1664438173.639
1664438183.686,1664438184.066
1664438193.989,1664438194.422
1664438204.347,1664438204.676
1664438214.676,1664438215.113
1664438225.01,1664438225.457
1664438235.349,1664438235.738
1664438245.691,1664438246.143
1664438256.026,1664438256.458
1664438266.362,1664438266.698
1664438276.713,1664438277.098
1664438287.064,1664438287.567
1664438297.388,1664438297.775
1664438307.884,1664438308.458
1664438318.096,1664438318.859
1664438328.434,1664438328.861
1664438338.795,1664438339.26
1664438349.143,1664438349.54
1664438359.479,1664438360.062
1664438369.817,1664438370.217
1664438380.442,1664438381.126
1664438390.822,1664438391.237
1664438401.304,1664438401.84
1664438411.655,1664438412.122
1664438422.021,1664438422.459
1664438432.356,1664438432.782
1664438442.708,1664438443.08
1664438453.059,1664438453.545
1664438463.474,1664438463.925
1664438473.826,1664438474.224
1664438484.182,1664438484.803
1664438494.537,1664438494.942
1664438504.882,1664438505.363
1664438515.256,1664438515.643
1664438525.611,1664438526.147
1664438535.977,1664438536.386
1664438546.328,1664438546.819
1664438556.707,1664438557.518
1664438567.089,1664438567.485
1664438577.427,1664438577.821
1664438587.785,1664438588.14
1664438598.131,1664438598.625
1664438608.481,1664438608.863
1664438618.841,1664438619.283
1664438629.432,1664438629.824
1664438639.809,1664438640.221
1664438650.156,1664438650.726
1664438660.533,1664438661.166
1664438670.884,1664438671.51
1664438681.209,1664438681.752
1664438691.635,1664438692.183
1664438702.074,1664438702.401
1664438712.48,1664438712.94
1664438722.821,1664438723.223
1664438733.178,1664438733.562
1664438743.508,1664438743.862
1664438753.872,1664438754.321
1664438764.218,1664438764.684
1664438774.744,1664438775.261
1664438785.098,1664438785.561
1664438795.434,1664438795.804
1664438805.786,1664438806.201
1664438816.144,1664438816.526
1664438826.544,1664438826.882
1664438836.885,1664438837.243
1664438847.23,1664438847.626
1664438857.581,1664438858.009
1664438867.924,1664438868.342
1664438878.569,1664438879.183
1664438888.949,1664438889.41
1664438899.283,1664438899.706
1664438909.632,1664438910.047
1664438919.975,1664438920.32
1664438930.347,1664438930.908
1664438940.728,1664438941.589
1664438951.016,1664438951.403
1664438961.383,1664438961.816
1664438971.717,1664438972.756
1664438982.081,1664438982.422
1664438992.434,1664438992.782
1664439002.859,1664439003.287
1664439013.203,1664439013.605
1664439023.562,1664439023.984
1664439033.903,1664439034.265
1664439044.272,1664439044.623
1664439054.665,1664439055.008
1664439064.979,1664439065.407
1664439075.318,1664439075.772
1664439085.671,1664439086.123
1664439096.004,1664439096.464
1664439106.351,1664439106.869
1664439116.706,1664439117.044
1664439127.452,1664439127.965
1664439137.756,1664439138.166
1664439148.093,1664439148.703
1664439158.444,1664439158.788
1664439168.807,1664439169.187
1664439179.166,1664439179.527
1664439189.503,1664439189.864
1664439199.847,1664439200.529
1664439210.261,1664439210.835
1664439220.552,1664439221.041
1664439230.949,1664439231.426
1664439241.275,1664439241.607
1664439251.611,1664439252.086
1664439261.958,1664439262.371
1664439272.299,1664439272.797
1664439282.645,1664439283.132
1664439292.997,1664439293.345
1664439303.443,1664439303.897
1664439313.746,1664439314.067
1664439324.093,1664439324.469
1664439334.441,1664439334.932
1664439344.803,1664439345.191
1664439355.122,1664439355.506
1664439365.485,1664439365.866
1664439376.055,1664439376.467
1664439386.433,1664439386.927
1664439396.792,1664439397.227
1664439407.134,1664439407.488
1664439417.495,1664439417.847
1664439427.831,1664439428.331
1664439438.184,1664439438.608
1664439448.519,1664439448.91
1664439458.859,1664439459.247
1664439469.22,1664439469.586
1664439479.576,1664439480.171
1664439489.914,1664439490.367
1664439500.295,1664439500.686
1664439510.64,1664439511.067
1664439520.983,1664439521.348
1664439531.35,1664439531.949
1664439541.722,1664439542.109
1664439552.067,1664439552.569
1664439562.413,1664439562.77
1664439572.761,1664439573.125
1664439583.104,1664439583.465
1664439593.522,1664439593.947
1664439603.948,1664439604.33
1664439614.296,1664439614.664
1664439624.856,1664439625.249
1664439635.231,1664439635.627
1664439645.606,1664439646.009
1664439655.971,1664439656.309
1664439666.32,1664439666.688
1664439676.677,1664439677.09
1664439687.04,1664439687.391
1664439697.478,1664439697.829
1664439707.829,1664439708.211
1664439718.163,1664439718.643
1664439728.514,1664439728.927
1664439738.854,1664439739.232
1664439749.197,1664439749.701
1664439759.54,1664439760.039
1664439769.894,1664439770.249
1664439780.224,1664439780.588
1664439790.587,1664439791.012
1664439800.93,1664439801.248
1664439811.289,1664439811.715
1664439821.641,1664439822.073
1664439832.004,1664439832.481
1664439842.392,1664439843.042
1664439852.742,1664439853.069
1664439863.086,1664439863.41
1664439874.045,1664439874.432
1664439884.081,1664439884.411
1664439894.427,1664439894.771
1664439904.925,1664439905.446
1664439915.264,1664439915.716
1664439925.613,1664439926.015
1664439935.988,1664439936.349
1664439946.339,1664439946.652
1664439956.694,1664439957.088
1664439967.024,1664439967.391
1664439977.366,1664439977.712
1664439987.707,1664439988.053
1664439998.06,1664439998.474
1664440008.398,1664440008.729
1664440018.744,1664440019.259
1664440029.087,1664440029.456
1664440039.449,1664440039.875
1664440049.793,1664440050.151
1664440060.154,1664440060.55
1664440070.502,1664440070.933
1664440080.846,1664440081.304
1664440091.195,1664440091.835
1664440101.577,1664440101.957
1664440111.88,1664440112.211
1664440122.479,1664440122.917
1664440132.806,1664440133.173
1664440143.202,1664440143.615
1664440153.533,1664440154.019
1664440163.865,1664440164.236
1664440174.204,1664440174.551
1664440184.662,1664440185.057
1664440195.0,1664440195.391
1664440205.385,1664440205.791
1664440215.723,1664440216.114
1664440226.084,1664440226.471
1664440236.419,1664440236.873
1664440246.741,1664440247.173
1664440257.124,1664440257.635
1664440267.443,1664440267.855
1664440277.767,1664440278.352
1664440288.128,1664440288.578
1664440298.473,1664440298.873
1664440308.797,1664440309.154
1664440319.162,1664440319.513
1664440329.501,1664440329.894
1664440339.841,1664440340.341
1664440350.171,1664440350.495
1664440360.51,1664440360.912
1664440371.11,1664440371.497
1664440381.455,1664440381.814
1664440391.845,1664440392.234
1664440402.199,1664440402.535
1664440412.542,1664440412.914
1664440422.904,1664440423.528
1664440433.239,1664440433.617
1664440443.829,1664440444.306
1664440454.163,1664440454.655
1664440464.512,1664440464.933
1664440474.877,1664440475.253
1664440485.231,1664440485.799
1664440495.589,1664440496.038
1664440505.98,1664440506.334
1664440516.305,1664440516.716
1664440526.665,1664440527.034
1664440536.999,1664440537.42
1664440547.367,1664440547.712
1664440557.719,1664440558.113
1664440568.083,1664440568.579
1664440578.434,1664440578.752
1664440588.789,1664440589.215
1664440599.134,1664440599.558
1664440609.481,1664440609.854
1664440620.079,1664440620.497
1664440630.436,1664440630.821
1664440640.801,1664440641.219
1664440651.18,1664440651.715
1664440661.556,1664440662.22
1664440671.974,1664440672.439
1664440682.412,1664440682.796
1664440692.794,1664440693.118
1664440703.162,1664440703.556
1664440713.504,1664440713.837
1664440723.875,1664440724.493
1664440734.221,1664440734.573
1664440744.569,1664440744.963
1664440754.962,1664440755.519
1664440765.338,1664440765.696
1664440775.705,1664440776.15
1664440786.063,1664440786.396
1664440796.422,1664440796.821
1664440806.925,1664440807.32
1664440817.285,1664440817.839
1664440827.65,1664440828.037
1664440838.002,1664440838.4
1664440848.358,1664440848.737
1664440858.731,1664440859.137
1664440869.377,1664440869.737
1664440879.889,1664440880.422
1664440890.153,1664440890.619
1664440900.499,1664440900.88
1664440910.877,1664440911.237
1664440921.236,1664440921.663
1664440931.576,1664440932.042
1664440941.936,1664440942.377
1664440952.27,1664440952.595
1664440962.634,1664440963.311
1664440972.984,1664440973.418
1664440983.421,1664440983.758
1664440993.796,1664440994.197
1664441004.147,1664441004.496
1664441014.511,1664441014.862
1664441024.891,1664441025.259
1664441035.232,1664441035.625
1664441045.585,1664441045.958
1664441055.956,1664441056.359
1664441066.295,1664441066.665
1664441076.66,1664441077.421
1664441087.001,1664441087.338
1664441097.35,1664441097.675
1664441107.706,1664441108.101
1664441118.316,1664441118.717
1664441128.66,1664441129.234
1664441139.021,1664441139.378
1664441149.379,1664441149.756
1664441159.752,1664441160.16
1664441170.09,1664441170.503
1664441180.467,1664441181.089
1664441190.828,1664441191.241
1664441201.19,1664441201.536
1664441211.558,1664441211.991
1664441221.969,1664441222.53
1664441232.328,1664441232.863
1664441242.708,1664441243.101
1664441253.086,1664441253.479
1664441263.455,1664441263.898
1664441273.815,1664441274.259
1664441284.161,1664441284.581
1664441294.499,1664441294.862
1664441304.848,1664441305.32
1664441315.221,1664441315.621
1664441325.553,1664441325.94
1664441335.922,1664441336.325
1664441346.304,1664441346.679
1664441356.66,1664441357.254
1664441367.233,1664441367.853
1664441377.59,1664441378.2
1664441387.923,1664441388.364
1664441398.258,1664441398.683
1664441408.659,1664441409.021
1664441419.002,1664441419.383
1664441429.362,1664441429.722
1664441439.703,1664441440.263
1664441450.044,1664441450.54
1664441460.742,1664441461.453
1664441470.741,1664441471.307
1664441481.103,1664441481.523
1664441491.449,1664441491.903
1664441501.795,1664441502.081
1664441512.152,1664441512.521
1664441522.545,1664441522.919
1664441532.875,1664441533.221
1664441543.221,1664441543.803
1664441553.574,1664441553.922
1664441563.905,1664441564.3
1664441574.258,1664441574.6
1664441584.613,1664441584.982
1664441594.96,1664441595.32
1664441605.322,1664441605.72
1664441615.91,1664441616.305
1664441626.272,1664441626.971
1664441636.619,1664441637.154
1664441646.969,1664441647.434
1664441657.331,1664441657.663
1664441667.703,1664441668.038
1664441678.064,1664441678.515
1664441688.432,1664441689.028
1664441698.795,1664441699.221
1664441709.158,1664441709.568
1664441719.515,1664441720.032
1664441730.09,1664441730.563
1664441740.397,1664441740.846
1664441750.779,1664441751.277
1664441761.148,1664441761.522
1664441771.545,1664441771.841
1664441781.902,1664441782.443
1664441792.265,1664441792.694
1664441802.603,1664441803.316
1664441812.949,1664441813.385
1664441823.345,1664441823.725
1664441833.711,1664441834.103
1664441844.072,1664441844.483
1664441854.438,1664441854.807
1664441865.083,1664441865.544
1664441875.445,1664441875.863
1664441885.8,1664441886.413
1664441896.168,1664441896.587
1664441906.517,1664441906.904
1664441916.864,1664441917.412
1664441927.231,1664441927.932
1664441937.573,1664441937.967
1664441947.982,1664441948.647
1664441958.32,1664441958.706
1664441968.672,1664441969.082
1664441978.999,1664441979.403
1664441989.347,1664441989.772
1664441999.706,1664442000.086
1664442010.09,1664442010.526
1664442020.482,1664442021.176
1664442030.812,1664442031.228
1664442041.226,1664442041.826
1664442051.536,1664442051.945
1664442061.951,1664442062.386
1664442072.321,1664442072.768
1664442082.662,1664442082.965
1664442093.011,1664442093.41
1664442103.356,1664442103.764
1664442113.949,1664442114.432
1664442124.315,1664442124.919
1664442134.681,1664442135.086
1664442145.203,1664442145.606
1664442155.565,1664442156.005
1664442165.906,1664442166.346
1664442176.281,1664442176.916
1664442186.6,1664442186.985
1664442196.954,1664442197.367
1664442207.305,1664442207.727
1664442217.647,1664442218.066
1664442227.984,1664442228.454
1664442238.328,1664442238.708
1664442248.698,1664442249.166
1664442259.037,1664442259.427
1664442269.381,1664442269.712
1664442279.721,1664442280.13
1664442290.105,1664442290.488
1664442300.42,1664442300.767
1664442310.778,1664442311.167
1664442321.131,1664442321.491
1664442331.469,1664442332.196
1664442341.812,1664442342.207
1664442352.168,1664442352.689
1664442362.761,1664442363.124
1664442373.159,1664442373.567
1664442383.549,1664442384.036
1664442393.915,1664442394.312
1664442404.28,1664442404.627
1664442414.802,1664442415.296
1664442425.172,1664442425.63
1664442435.52,1664442436.397
1664442445.864,1664442446.448
1664442456.213,1664442456.79
1664442466.554,1664442466.95
1664442476.908,1664442477.347
1664442487.282,1664442487.633
1664442497.627,1664442498.109
1664442507.974,1664442508.635
1664442518.322,1664442518.747
1664442528.663,1664442529.091
1664442539.014,1664442539.974
1664442549.356,1664442549.944
1664442559.746,1664442560.154
1664442570.134,1664442570.568
1664442580.49,1664442580.972
1664442590.846,1664442591.252
1664442601.201,1664442601.648
1664442611.811,1664442612.313
1664442622.177,1664442622.771
1664442632.533,1664442633.021
1664442642.878,1664442643.267
1664442653.211,1664442653.567
1664442663.588,1664442663.972
1664442673.94,1664442674.637
1664442684.313,1664442684.647
1664442694.664,1664442695.051
1664442704.991,1664442705.368
1664442715.36,1664442715.772
1664442725.703,1664442726.11
1664442736.054,1664442736.452
1664442746.419,1664442746.788
1664442756.772,1664442757.192
1664442767.114,1664442767.531
1664442777.456,1664442777.87
1664442787.802,1664442788.214
1664442798.142,1664442798.704
1664442808.49,1664442809.018
1664442818.872,1664442819.571
1664442829.18,1664442829.635
1664442839.511,1664442839.895
1664442849.874,1664442850.209
1664442860.588,1664442861.192
1664442870.91,1664442871.313
1664442881.264,1664442881.633
1664442891.636,1664442892.013
1664442902.071,1664442902.476
1664442912.425,1664442912.813
1664442922.784,1664442923.231
1664442933.142,1664442933.615
1664442943.478,1664442943.829
1664442953.836,1664442954.153
1664442964.266,1664442964.676
1664442974.617,1664442975.057
1664442984.961,1664442985.332
1664442995.317,1664442995.912
1664443005.679,1664443006.116
1664443016.021,1664443016.586
1664443026.371,1664443026.772
1664443036.72,1664443037.13
1664443047.081,1664443047.473
1664443057.429,1664443058.107
1664443067.811,1664443068.515
1664443078.157,1664443078.574
1664443088.508,1664443089.123
1664443098.871,1664443099.294
1664443109.566,1664443109.931
1664443119.94,1664443120.353
1664443130.299,1664443130.713
1664443140.652,1664443141.036
1664443151.022,1664443151.456
1664443161.366,1664443161.758
1664443171.715,1664443172.163
1664443182.065,1664443182.53
1664443192.394,1664443193.28
1664443202.794,1664443203.175
1664443213.159,1664443213.573
1664443223.569,1664443224.093
1664443233.853,1664443234.211
1664443244.192,1664443244.636
1664443254.548,1664443254.953
1664443264.887,1664443265.26
1664443275.245,1664443275.577
1664443285.589,1664443286.019
1664443295.965,1664443296.419
1664443306.273,1664443306.745
1664443316.602,1664443317.055
1664443326.935,1664443327.253
1664443337.301,1664443337.764
1664443347.654,1664443348.261
1664443358.273,1664443358.915
1664443368.659,1664443369.015
1664443379.004,1664443379.408
1664443389.358,1664443389.976
1664443399.723,1664443400.148
1664443410.054,1664443410.495
1664443420.404,1664443420.757
1664443430.763,1664443431.439
1664443441.094,1664443441.533
1664443451.489,1664443451.9
1664443461.839,1664443462.339
1664443472.182,1664443472.557
1664443482.535,1664443482.92
1664443492.877,1664443493.294
1664443503.289,1664443503.678
1664443513.619,1664443514.149
1664443523.968,1664443524.332
1664443534.325,1664443534.738
1664443544.687,1664443545.157
1664443555.041,1664443555.559
1664443565.399,1664443565.795
1664443575.768,1664443576.138
1664443586.127,1664443586.559
1664443596.503,1664443596.877
1664443607.143,1664443607.558
1664443617.493,1664443617.938
1664443627.863,1664443628.258
1664443638.219,1664443638.654
1664443648.58,1664443649.186
1664443658.938,1664443659.507
1664443669.288,1664443669.758
1664443679.645,1664443680.062
1664443690.004,1664443690.417
1664443700.363,1664443701.045
1664443710.717,1664443711.298
1664443721.083,1664443721.438
1664443731.426,1664443731.815
1664443741.796,1664443742.495
1664443752.143,1664443752.832
1664443762.486,1664443762.9
1664443772.83,1664443773.3
1664443783.176,1664443783.605
1664443793.544,1664443793.957
1664443803.924,1664443804.562
1664443814.283,1664443814.699
1664443824.639,1664443825.057
1664443834.993,1664443835.809
1664443845.339,1664443845.758
1664443855.946,1664443856.363
1664443866.317,1664443866.719
1664443876.667,1664443877.06
1664443887.033,1664443887.478
1664443897.407,1664443897.784
1664443907.755,1664443908.161
1664443918.101,1664443918.543
1664443928.465,1664443929.181
1664443938.792,1664443939.602
1664443949.139,1664443949.558
1664443959.489,1664443960.102
1664443969.829,1664443970.263
1664443980.168,1664443980.6
1664443990.531,1664443990.899
1664444000.857,1664444001.22
1664444011.201,1664444011.603
1664444021.531,1664444021.94
1664444031.896,1664444032.34
1664444042.258,1664444042.639
1664444052.599,1664444052.9
1664444062.971,1664444063.417
1664444073.3,1664444073.787
1664444083.632,1664444084.078
1664444093.965,1664444094.433
1664444104.625,1664444105.12
1664444114.986,1664444115.32
1664444125.347,1664444125.81
1664444135.713,1664444136.263
1664444146.134,1664444146.609
1664444156.468,1664444156.838
1664444166.82,1664444167.261
1664444177.164,1664444177.691
1664444187.527,1664444187.96
1664444197.877,1664444198.257
1664444208.216,1664444208.684
1664444218.54,1664444218.994
1664444228.875,1664444229.503
1664444239.215,1664444239.671
1664444249.569,1664444249.942
1664444259.924,1664444260.606
1664444270.259,1664444270.65
1664444280.607,1664444281.025
1664444290.961,1664444291.36
1664444301.342,1664444301.764
1664444311.649,1664444312.144
1664444321.992,1664444322.588
1664444332.336,1664444332.944
1664444342.741,1664444343.42
1664444353.377,1664444353.965
1664444363.726,1664444364.222
1664444374.09,1664444374.489
1664444384.424,1664444384.91
1664444394.775,1664444395.545
1664444405.186,1664444405.682
1664444415.553,1664444415.921
1664444425.9,1664444426.28
1664444436.233,1664444436.703
1664444446.604,1664444447.123
1664444456.926,1664444457.261
1664444467.641,1664444468.045
1664444478.235,1664444478.609
1664444488.8,1664444489.143
1664444499.279,1664444499.827
1664444509.757,1664444510.144
1664444520.19,1664444520.832
1664444530.596,1664444531.001
1664444541.02,1664444541.445
1664444551.429,1664444551.803
1664444561.838,1664444562.464
1664444572.253,1664444572.641
1664444582.727,1664444583.181
1664444593.176,1664444593.585
1664444603.815,1664444604.223
1664444614.212,1664444615.288
1664444624.511,1664444624.943
1664444634.864,1664444635.244
1664444645.24,1664444645.724
1664444655.588,1664444655.973
1664444665.935,1664444666.365
1664444676.303,1664444676.764
1664444686.651,1664444687.16
1664444697.007,1664444697.458
1664444707.39,1664444707.801
1664444717.741,1664444718.137
1664444728.101,1664444728.602
1664444738.485,1664444738.897
1664444748.84,1664444749.219
1664444759.191,1664444759.689
1664444769.548,1664444769.935
1664444779.924,1664444780.346
1664444790.287,1664444790.979
1664444800.619,1664444800.937
1664444810.981,1664444811.359
1664444821.375,1664444822.078
1664444831.709,1664444832.078
1664444842.076,1664444842.543
1664444852.673,1664444853.254
1664444863.013,1664444863.401
1664444873.359,1664444873.738
1664444883.797,1664444884.325
1664444894.154,1664444894.602
1664444904.502,1664444904.961
1664444914.83,1664444915.22
1664444925.182,1664444925.546
1664444935.539,1664444935.94
1664444945.881,1664444946.278
1664444956.239,1664444956.761
1664444966.578,1664444967.02
1664444976.939,1664444977.32
1664444987.25,1664444987.842
1664444997.597,1664444997.959
1664445007.964,1664445008.42
1664445018.488,1664445019.228
1664445028.676,1664445029.039
1664445039.007,1664445039.382
1664445049.369,1664445049.778
1664445059.692,1664445060.081
1664445070.045,1664445070.381
1664445080.393,1664445080.801
1664445090.723,1664445091.06
1664445101.32,1664445101.739
1664445111.695,1664445112.061
1664445122.069,1664445122.541
1664445132.417,1664445132.906
1664445142.769,1664445143.183
1664445153.126,1664445153.562
1664445163.439,1664445163.9
1664445173.782,1664445174.163
1664445184.146,1664445184.547
1664445194.484,1664445195.024
1664445204.822,1664445205.241
1664445215.164,1664445215.542
1664445225.507,1664445225.901
1664445235.866,1664445236.223
1664445246.18,1664445246.723
1664445256.534,1664445257.043
1664445266.87,1664445267.308
1664445277.208,1664445277.682
1664445287.549,1664445287.942
1664445297.907,1664445298.347
1664445308.258,1664445308.876
1664445318.583,1664445318.963
1664445328.93,1664445329.363
1664445339.278,1664445339.621
1664445349.89,1664445350.363
1664445360.252,1664445360.624
1664445370.596,1664445370.983
1664445380.945,1664445381.323
1664445391.309,1664445391.724
1664445401.671,1664445402.067
1664445412.083,1664445412.504
1664445422.484,1664445422.944
1664445432.854,1664445433.361
1664445443.22,1664445443.633
1664445453.55,1664445453.967
1664445463.906,1664445464.303
1664445474.277,1664445475.012
1664445484.666,1664445485.066
1664445495.015,1664445495.36
1664445505.383,1664445505.841
1664445515.733,1664445516.143
1664445526.086,1664445526.567
1664445536.417,1664445536.785
1664445546.804,1664445547.288
1664445557.159,1664445557.486
1664445567.556,1664445568.068
1664445577.895,1664445578.327
1664445588.289,1664445588.745
1664445598.908,1664445599.265
1664445609.295,1664445609.787
1664445619.6,1664445620.033
1664445629.954,1664445630.429
1664445640.289,1664445640.731
1664445650.624,1664445651.067
1664445660.998,1664445661.846
1664445671.31,1664445671.712
1664445681.665,1664445682.044
1664445692.013,1664445692.51
1664445702.38,1664445702.992
1664445712.71,1664445713.149
1664445723.081,1664445723.493
1664445733.416,1664445733.866
1664445743.769,1664445744.267
1664445754.1,1664445754.427
1664445764.453,1664445764.908
1664445774.809,1664445775.349
1664445785.158,1664445785.548
1664445795.497,1664445795.904
1664445805.848,1664445806.188
1664445816.2,1664445816.563
1664445826.555,1664445826.907
1664445836.913,1664445837.245
1664445847.583,1664445848.276
1664445857.94,1664445858.35
1664445868.286,1664445868.627
1664445878.645,1664445879.194
1664445889.034,1664445889.628
1664445899.347,1664445899.746
1664445909.846,1664445910.245
1664445920.186,1664445920.566
1664445930.538,1664445930.928
1664445940.859,1664445941.448
1664445951.202,1664445951.928
1664445961.547,1664445961.887
1664445971.915,1664445972.489
1664445982.258,1664445982.625
1664445992.609,1664445993.024
1664446002.944,1664446003.369
1664446013.3,1664446013.748
1664446023.664,1664446024.051
1664446034.012,1664446034.64
1664446044.365,1664446044.706
1664446054.707,1664446055.046
1664446065.053,1664446065.539
1664446075.401,1664446075.893
1664446085.762,1664446086.382
1664446096.346,1664446096.768
1664446106.703,1664446107.136
1664446117.039,1664446117.469
1664446127.426,1664446127.851
1664446137.793,1664446138.214
1664446148.161,1664446148.654
1664446158.661,1664446159.128
1664446169.117,1664446169.449
1664446179.565,1664446179.988
1664446189.937,1664446190.311
1664446200.326,1664446200.728
1664446210.746,1664446211.069
1664446221.154,1664446221.651
1664446231.504,1664446231.93
1664446241.855,1664446242.217
1664446252.245,1664446252.83
1664446262.578,1664446263.034
1664446272.947,1664446273.33
1664446283.286,1664446283.872
1664446293.605,1664446294.037
1664446303.943,1664446304.335
1664446314.281,1664446314.677
1664446324.628,1664446325.05
1664446334.978,1664446335.691
1664446345.647,1664446346.03
1664446356.015,1664446356.451
1664446366.377,1664446366.769
1664446376.73,1664446377.579
1664446387.141,1664446387.491
1664446397.505,1664446398.002
1664446407.866,1664446408.252
1664446418.216,1664446418.765
1664446428.56,1664446428.911
1664446438.909,1664446439.359
1664446449.255,1664446449.832
1664446459.602,1664446459.988
1664446470.102,1664446470.989
1664446480.308,1664446480.752
1664446490.654,1664446491.073
1664446500.997,1664446501.602
1664446511.357,1664446511.774
1664446521.718,1664446522.193
1664446532.063,1664446532.553
1664446542.411,1664446542.812
1664446552.752,1664446553.134
1664446563.196,1664446563.921
1664446573.545,1664446573.891
1664446583.886,1664446584.272
1664446594.48,1664446594.975
1664446604.823,1664446605.351
1664446615.189,1664446615.572
1664446625.579,1664446626.014
1664446635.912,1664446636.312
1664446646.252,1664446646.717
1664446656.605,1664446656.973
1664446666.975,1664446667.413
1664446677.372,1664446677.82
1664446687.705,1664446688.135
1664446698.242,1664446698.884
1664446708.406,1664446708.816
1664446718.753,1664446719.133
1664446729.103,1664446729.473
1664446739.439,1664446739.844
1664446749.793,1664446750.213
1664446760.128,1664446760.551
1664446770.474,1664446770.834
1664446780.829,1664446781.3
1664446791.173,1664446791.656
1664446801.507,1664446801.893
1664446811.869,1664446812.294
1664446822.216,1664446822.574
1664446832.577,1664446832.952
1664446843.219,1664446843.636
1664446853.583,1664446853.973
1664446863.937,1664446864.397
1664446874.333,1664446875.116
1664446884.688,1664446885.073
1664446895.103,1664446895.655
1664446905.434,1664446905.814
1664446915.791,1664446916.195
1664446926.157,1664446926.554
1664446936.513,1664446936.856
1664446946.87,1664446947.296
1664446957.2,1664446957.676
1664446967.542,1664446968.063
1664446977.91,1664446978.577
1664446988.276,1664446988.674
1664446998.65,1664446999.395
1664447008.966,1664447009.437
1664447019.323,1664447019.675
1664447029.678,1664447030.056
1664447040.079,1664447040.516
1664447050.362,1664447050.777
1664447060.726,1664447061.236
1664447071.064,1664447071.414
1664447081.405,1664447081.813
1664447091.994,1664447092.425
1664447102.423,1664447102.837
1664447112.782,1664447113.217
1664447123.124,1664447123.576
1664447133.472,1664447133.897
1664447143.825,1664447144.217
1664447154.268,1664447154.857
1664447164.613,1664447165.096
1664447174.961,1664447175.419
1664447185.325,1664447185.736
1664447195.675,1664447196.063
1664447206.038,1664447206.499
1664447216.445,1664447216.917
1664447226.788,1664447227.22
1664447237.145,1664447237.596
1664447247.484,1664447248.121
1664447257.835,1664447258.464
1664447268.215,1664447268.62
1664447278.591,1664447279.06
1664447288.937,1664447289.552
1664447299.309,1664447299.674
1664447310.012,1664447310.398
1664447320.362,1664447320.858
1664447330.704,1664447331.264
1664447341.353,1664447341.975
1664447351.69,1664447352.058
1664447362.031,1664447362.356
1664447372.497,1664447373.197
1664447382.798,1664447383.177
1664447393.163,1664447393.584
1664447403.542,1664447403.959
1664447413.905,1664447414.34
1664447424.255,1664447424.659
1664447434.65,1664447435.263
1664447445.016,1664447445.458
1664447455.359,1664447455.764
1664447465.758,1664447466.503
1664447476.111,1664447476.455
1664447486.518,1664447486.942
1664447496.836,1664447497.178
1664447507.199,1664447507.579
1664447517.543,1664447518.107
1664447527.897,1664447528.281
1664447538.247,1664447538.661
1664447548.589,1664447548.983
1664447558.941,1664447559.343
1664447569.289,1664447569.682
1664447579.633,1664447580.039
1664447590.202,1664447590.555
1664447600.557,1664447600.898
1664447610.91,1664447611.3
1664447621.284,1664447621.701
1664447631.631,1664447632.039
1664447642.03,1664447642.641
1664447652.387,1664447652.819
1664447662.766,1664447663.2
1664447673.094,1664447673.497
1664447683.438,1664447683.822
1664447693.757,1664447694.181
1664447704.223,1664447704.713
1664447714.569,1664447715.004
1664447724.89,1664447725.346
1664447735.237,1664447735.581
1664447745.653,1664447746.039
1664447756.034,1664447756.44
1664447766.356,1664447766.764
1664447776.717,1664447777.161
1664447787.057,1664447787.419
1664447797.407,1664447797.72
1664447807.759,1664447809.018
1664447818.109,1664447818.501
1664447828.439,1664447828.828
1664447839.08,1664447839.462
1664447849.44,1664447850.051
1664447859.803,1664447860.163
1664447870.137,1664447870.626
1664447880.49,1664447880.843
1664447890.851,1664447891.258
1664447901.296,1664447901.74
1664447911.587,1664447912.048
1664447921.919,1664447922.324
1664447932.272,1664447932.684
1664447942.669,1664447943.063
1664447953.025,1664447953.422
1664447963.364,1664447963.803
1664447973.713,1664447974.224
1664447984.067,1664447984.462
1664447994.43,1664447994.888
1664448004.843,1664448005.243
1664448015.216,1664448015.726
1664448025.556,1664448025.985
1664448035.918,1664448036.364
1664448046.242,1664448046.784
1664448056.584,1664448056.97
1664448066.933,1664448067.38
1664448077.296,1664448077.914
1664448087.899,1664448088.385
1664448098.249,1664448098.671
1664448108.625,1664448109.025
1664448119.0,1664448119.42
1664448129.354,1664448129.885
1664448139.703,1664448140.107
1664448150.134,1664448150.565
1664448160.512,1664448161.149
1664448170.875,1664448171.302
1664448181.308,1664448181.722
1664448191.687,1664448192.066
1664448202.197,1664448202.647
1664448212.555,1664448213.058
1664448222.927,1664448223.306
1664448233.279,1664448233.713
1664448243.683,1664448244.345
1664448254.028,1664448254.369
1664448264.401,1664448264.781
1664448274.753,1664448275.152
1664448285.124,1664448285.785
1664448295.466,1664448295.843
1664448306.022,1664448306.527
1664448316.38,1664448317.192
1664448326.831,1664448327.409
1664448337.473,1664448337.825
1664448347.828,1664448348.223
1664448358.196,1664448358.57
1664448368.558,1664448368.949
1664448378.903,1664448379.29
1664448389.249,1664448389.643
1664448399.644,1664448400.056
1664448409.958,1664448410.367
1664448420.336,1664448420.727
1664448430.711,1664448431.129
1664448441.057,1664448441.454
1664448451.442,1664448451.987
1664448461.818,1664448462.255
1664448472.146,1664448472.643
1664448482.528,1664448483.17
1664448494.93,1664448495.526
1664448505.284,1664448505.646
1664448515.692,1664448516.11
1664448526.044,1664448526.429
1664448536.379,1664448536.764
1664448546.723,1664448547.084
1664448557.098,1664448557.648
1664448567.454,1664448567.874
1664448578.026,1664448578.408
1664448588.4,1664448588.886
1664448598.735,1664448599.106
1664448609.113,1664448609.548
1664448619.473,1664448619.883
1664448629.795,1664448630.352
1664448640.153,1664448640.774
1664448650.508,1664448650.867
1664448660.85,1664448661.267
1664448671.229,1664448671.669
1664448681.558,1664448681.953
1664448691.914,1664448692.348
1664448702.275,1664448702.713
1664448712.611,1664448713.048
1664448722.985,1664448723.428
1664448733.345,1664448733.726
1664448743.68,1664448744.351
1664448754.047,1664448754.475
1664448764.362,1664448764.707
1664448774.708,1664448775.068
1664448785.062,1664448785.511
1664448795.408,1664448795.856
1664448805.778,1664448806.167
1664448816.185,1664448816.698
1664448826.825,1664448827.248
1664448837.156,1664448837.508
1664448847.503,1664448847.931
1664448857.845,1664448858.171
1664448868.19,1664448868.75
1664448878.531,1664448878.97
1664448888.876,1664448889.251
1664448899.221,1664448899.617
1664448909.569,1664448909.909
1664448919.929,1664448920.472
1664448930.264,1664448930.731
1664448940.608,1664448941.226
1664448950.972,1664448951.849
1664448961.329,1664448961.727
1664448971.69,1664448972.133
1664448982.033,1664448982.499
1664448992.378,1664448992.817
1664449002.747,1664449003.131
1664449013.082,1664449013.615
1664449023.491,1664449023.892
1664449033.855,1664449034.25
1664449044.21,1664449044.632
1664449054.54,1664449054.991
1664449065.092,1664449066.061
1664449075.534,1664449076.019
1664449085.882,1664449086.357
1664449096.226,1664449096.631
1664449106.575,1664449107.043
1664449116.924,1664449117.427
1664449127.278,1664449127.839
1664449137.602,1664449138.033
1664449147.965,1664449148.408
1664449158.322,1664449158.711
1664449168.658,1664449169.097
1664449178.978,1664449179.411
1664449189.327,1664449189.75
1664449199.664,1664449199.992
1664449210.003,1664449210.349
1664449220.4,1664449220.79
1664449230.701,1664449231.139
1664449241.098,1664449241.612
1664449251.399,1664449251.851
1664449261.77,1664449262.258
1664449272.113,1664449272.833
1664449282.455,1664449282.923
1664449292.791,1664449293.354
1664449303.139,1664449303.594
1664449313.521,1664449313.99
1664449324.127,1664449324.532
1664449334.528,1664449334.952
1664449344.907,1664449345.416
1664449355.284,1664449355.695
1664449365.635,1664449366.144
1664449376.014,1664449376.474
1664449386.39,1664449386.818
1664449396.749,1664449397.193
1664449407.172,1664449407.673
1664449417.491,1664449417.857
1664449427.838,1664449428.229
1664449438.19,1664449438.687
1664449448.623,1664449449.08
1664449459.101,1664449459.637
1664449469.467,1664449469.933
1664449479.83,1664449480.348
1664449490.178,1664449490.839
1664449500.543,1664449500.977
1664449511.057,1664449511.484
1664449521.411,1664449521.836
1664449531.757,1664449532.155
1664449542.172,1664449542.633
1664449552.523,1664449552.912
1664449562.932,1664449563.377
1664449573.538,1664449573.914
1664449583.901,1664449584.298
1664449594.292,1664449594.693
1664449604.62,1664449605.035
1664449614.984,1664449615.355
1664449625.352,1664449625.839
1664449635.696,1664449636.118
1664449646.048,1664449646.462
1664449656.401,1664449656.817
1664449666.764,1664449667.138
1664449677.112,1664449677.496
1664449687.465,1664449687.915
1664449697.814,1664449698.202
1664449708.19,1664449708.716
1664449718.531,1664449719.1
1664449728.891,1664449729.215
1664449739.24,1664449739.632
1664449749.608,1664449749.997
1664449759.951,1664449760.461
1664449770.325,1664449770.76
1664449780.676,1664449781.042
1664449791.036,1664449791.461
1664449801.4,1664449801.797
1664449811.746,1664449812.399
1664449822.347,1664449822.796
1664449832.703,1664449833.139
1664449843.056,1664449843.435
1664449853.399,1664449853.839
1664449863.788,1664449864.155
1664449874.135,1664449874.556
1664449884.483,1664449884.859
1664449894.859,1664449895.236
1664449905.225,1664449905.618
1664449915.58,1664449916.119
1664449925.923,1664449926.356
1664449936.293,1664449936.7
1664449946.622,1664449946.982
1664449956.983,1664449957.416
1664449967.585,1664449968.076
1664449977.682,1664449978.142
1664449988.052,1664449988.543
1664449998.399,1664449998.813
1664450008.761,1664450009.114
1664450019.116,1664450019.516
1664450029.467,1664450029.836
1664450039.811,1664450040.217
1664450050.18,1664450050.561
1664450060.512,1664450060.885
1664450071.178,1664450071.818
1664450081.537,1664450081.959
1664450091.884,1664450092.256
1664450102.303,1664450102.7
1664450112.638,1664450113.039
1664450122.986,1664450123.358
1664450133.352,1664450133.78
1664450143.842,1664450144.519
1664450154.063,1664450154.505
1664450164.451,1664450164.818
1664450174.812,1664450175.243
1664450185.174,1664450185.558
1664450195.568,1664450196.004
1664450205.897,1664450206.318
1664450216.239,1664450216.659
1664450226.586,1664450226.987
1664450236.935,1664450237.36
1664450247.323,1664450247.988
1664450257.684,1664450258.282
1664450268.032,1664450268.646
1664450278.362,1664450278.738
1664450288.734,1664450289.141
1664450299.091,1664450299.502
1664450309.44,1664450309.86
1664450320.075,1664450320.687
1664450330.419,1664450330.866
1664450340.758,1664450341.206
1664450351.102,1664450351.595
1664450361.463,1664450361.978
1664450371.794,1664450372.18
1664450382.177,1664450382.7
1664450392.515,1664450392.942
1664450402.987,1664450403.36
1664450413.343,1664450413.741
1664450423.686,1664450424.061
1664450434.024,1664450434.403
1664450444.369,1664450444.723
1664450454.72,1664450455.124
1664450465.067,1664450465.464
1664450475.481,1664450476.003
1664450485.767,1664450486.144
1664450496.13,1664450496.541
1664450506.518,1664450507.101
1664450516.825,1664450517.225
1664450527.167,1664450527.546
1664450537.525,1664450537.926
1664450547.859,1664450548.239
1664450558.19,1664450558.561
1664450568.803,1664450569.247
1664450579.187,1664450579.558
1664450589.529,1664450590.064
1664450599.877,1664450600.327
1664450610.249,1664450610.681
1664450620.587,1664450620.945
1664450630.921,1664450631.79
1664450641.286,1664450641.704
1664450651.637,1664450652.021
1664450662.019,1664450662.487
1664450672.33,1664450672.724
1664450682.691,1664450683.065
1664450693.026,1664450693.424
1664450703.414,1664450703.845
1664450713.765,1664450714.144
1664450724.133,1664450724.523
1664450734.484,1664450734.842
1664450744.835,1664450745.225
1664450755.177,1664450755.585
1664450765.543,1664450765.907
1664450775.892,1664450776.353
1664450786.26,1664450786.663
1664450796.601,1664450797.286
1664450806.955,1664450807.504
1664450817.555,1664450817.941
1664450827.916,1664450828.306
1664450838.277,1664450838.705
1664450848.597,1664450849.286
1664450858.951,1664450859.383
1664450869.286,1664450869.645
1664450879.645,1664450880.061
1664450889.988,1664450890.546
1664450900.355,1664450900.744
1664450910.702,1664450911.226
1664450921.148,1664450921.53
1664450931.486,1664450931.851
1664450941.896,1664450942.266
1664450952.257,1664450952.779
1664450962.637,1664450963.049
1664450972.968,1664450973.386
1664450983.318,1664450983.704
1664450993.679,1664450994.125
1664451004.101,1664451004.566
1664451014.444,1664451015.092
1664451024.909,1664451025.308
1664451035.182,1664451035.549
1664451045.539,1664451045.911
1664451055.881,1664451056.225
1664451066.494,1664451066.891
1664451076.83,1664451077.293
1664451087.194,1664451087.625
1664451097.537,1664451097.945
1664451107.869,1664451108.347
1664451118.294,1664451118.686
1664451128.634,1664451129.023
1664451138.983,1664451139.388
1664451149.399,1664451149.888
1664451159.733,1664451160.387
1664451170.101,1664451170.465
1664451180.458,1664451180.871
1664451190.847,1664451191.329
1664451201.175,1664451201.607
1664451211.521,1664451211.942
1664451221.894,1664451222.552
1664451232.214,1664451232.604
1664451242.623,1664451242.99
1664451252.997,1664451253.586
1664451263.319,1664451263.71
1664451273.661,1664451274.067
1664451284.012,1664451284.426
1664451294.358,1664451294.687
1664451304.768,1664451305.205
1664451315.413,1664451316.032
1664451325.774,1664451326.21
1664451336.108,1664451336.586
1664451346.455,1664451346.848
1664451356.82,1664451357.168
1664451367.181,1664451367.632
1664451377.523,1664451378.059
1664451387.88,1664451388.594
1664451398.212,1664451398.647
1664451408.568,1664451408.93
1664451418.92,1664451419.288
1664451429.264,1664451429.711
1664451439.605,1664451440.03
1664451449.949,1664451450.476
1664451460.295,1664451460.667
1664451470.652,1664451471.089
1664451480.992,1664451481.411
1664451491.354,1664451491.79
1664451501.708,1664451502.154
1664451512.04,1664451512.43
1664451522.382,1664451522.867
1664451532.718,1664451533.088
1664451543.085,1664451543.501
1664451553.45,1664451553.852
1664451564.077,1664451564.574
1664451574.456,1664451574.933
1664451584.781,1664451585.13
1664451595.129,1664451595.506
1664451605.562,1664451605.93
1664451615.972,1664451616.433
1664451626.31,1664451626.694
1664451636.745,1664451637.288
1664451647.122,1664451647.554
1664451657.468,1664451658.074
1664451667.836,1664451668.169
1664451678.197,1664451678.613
1664451688.56,1664451689.016
1664451698.899,1664451699.357
1664451709.249,1664451709.653
1664451719.615,1664451720.083
1664451729.977,1664451730.596
1664451740.332,1664451740.749
1664451750.674,1664451751.008
1664451761.018,1664451761.389
1664451771.373,1664451771.914
1664451781.745,1664451782.132
1664451792.087,1664451792.492
1664451802.438,1664451802.894
1664451813.063,1664451813.432
1664451823.38,1664451823.85
1664451833.731,1664451834.071
1664451844.179,1664451844.634
1664451854.51,1664451854.851
1664451864.882,1664451865.314
1664451875.204,1664451875.613
1664451885.558,1664451885.988
1664451895.923,1664451896.396
1664451906.33,1664451906.965
1664451916.682,1664451917.257
1664451927.1,1664451927.576
1664451937.387,1664451937.814
1664451947.75,1664451948.196
1664451958.094,1664451958.494
1664451968.461,1664451969.187
1664451978.798,1664451979.192
1664451989.162,1664451989.572
1664451999.497,1664451999.873
1664452009.87,1664452010.271
1664452020.212,1664452020.614
1664452030.579,1664452030.977
1664452040.921,1664452041.393
1664452051.265,1664452051.674
1664452061.861,1664452062.413
1664452072.214,1664452072.611
1664452082.597,1664452083.034
1664452092.965,1664452093.725
1664452103.296,1664452103.814
1664452113.646,1664452114.033
1664452123.984,1664452124.356
1664452134.339,1664452134.721
1664452144.683,1664452145.136
1664452155.048,1664452155.434
1664452165.395,1664452165.777
1664452175.752,1664452176.24
1664452186.08,1664452186.499
1664452196.454,1664452196.839
1664452206.866,1664452207.238
1664452217.21,1664452217.637
1664452227.544,1664452228.208
1664452237.895,1664452238.416
1664452248.313,1664452248.717
1664452258.675,1664452259.054
1664452269.03,1664452269.453
1664452279.385,1664452279.968
1664452289.737,1664452290.249
1664452300.118,1664452300.577
1664452310.727,1664452311.344
1664452321.071,1664452321.545
1664452331.433,1664452331.878
1664452341.843,1664452342.265
1664452352.184,1664452352.596
1664452362.521,1664452362.938
1664452372.882,1664452373.36
1664452383.241,1664452383.658
1664452393.596,1664452394.015
1664452403.992,1664452404.606
1664452414.334,1664452414.778
1664452424.681,1664452425.243
1664452435.066,1664452435.617
1664452445.411,1664452445.896
1664452455.758,1664452456.174
1664452466.108,1664452466.599
1664452476.506,1664452477.01
1664452486.866,1664452487.316
1664452497.191,1664452497.639
1664452507.561,1664452508.017
1664452517.906,1664452518.276
1664452528.268,1664452528.674
1664452538.607,1664452538.974
1664452548.973,1664452549.395
1664452559.635,1664452559.994
1664452569.958,1664452570.274
1664452580.337,1664452580.883
1664452590.667,1664452591.056
1664452601.012,1664452601.418
1664452611.363,1664452611.82
1664452621.726,1664452622.14
1664452632.081,1664452632.521
1664452642.432,1664452642.822
1664452652.771,1664452653.115
1664452663.111,1664452663.645
1664452673.469,1664452673.899
1664452683.857,1664452684.195
1664452694.138,1664452694.537
1664452704.522,1664452704.919
1664452714.839,1664452715.257
1664452725.198,1664452725.697
1664452735.521,1664452735.884
1664452745.862,1664452746.318
1664452756.206,1664452756.622
1664452766.556,1664452766.96
1664452776.897,1664452777.328
1664452787.243,1664452787.692
1664452797.613,1664452798.041
1664452808.327,1664452808.769
1664452818.674,1664452819.12
1664452829.037,1664452829.463
1664452839.398,1664452839.78
1664452849.751,1664452850.1
1664452860.109,1664452860.483
1664452870.472,1664452870.943
1664452880.827,1664452881.282
1664452891.159,1664452891.599
1664452901.514,1664452901.902
1664452911.845,1664452912.242
1664452922.242,1664452922.621
1664452932.611,1664452933.058
1664452942.961,1664452943.367
1664452953.34,1664452954.195
1664452963.659,1664452964.084
1664452974.023,1664452974.458
1664452984.404,1664452984.881
1664452994.772,1664452995.301
1664453005.154,1664453005.477
1664453015.48,1664453015.806
1664453025.849,1664453026.259
1664453036.183,1664453036.602
1664453046.526,1664453047.028
1664453057.152,1664453057.58
1664453067.508,1664453067.918
1664453077.873,1664453078.279
1664453088.248,1664453088.804
1664453098.598,1664453098.982
1664453109.054,1664453109.521
1664453119.41,1664453119.934
1664453129.763,1664453130.509
1664453140.127,1664453140.52
1664453150.495,1664453150.887
1664453160.871,1664453161.294
1664453171.24,1664453171.635
1664453181.594,1664453181.954
1664453191.945,1664453192.337
1664453202.3,1664453202.68
1664453212.653,1664453213.104
1664453223.027,1664453223.397
1664453233.401,1664453233.755
1664453243.774,1664453244.236
1664453254.126,1664453254.536
1664453264.488,1664453264.916
1664453274.842,1664453275.219
1664453285.228,1664453285.675
1664453295.603,1664453296.033
1664453306.176,1664453306.641
1664453316.514,1664453316.984
1664453326.842,1664453327.327
1664453337.191,1664453337.578
1664453347.545,1664453347.96
1664453357.937,1664453358.357
1664453368.248,1664453368.618
1664453378.613,1664453378.954
1664453388.937,1664453389.292
1664453399.285,1664453399.657
1664453409.663,1664453410.077
1664453420.026,1664453420.828
1664453430.369,1664453430.756
1664453440.696,1664453441.119
1664453451.055,1664453451.558
1664453461.403,1664453461.844
1664453471.75,1664453472.138
1664453482.104,1664453482.496
1664453492.456,1664453492.84
1664453502.897,1664453503.398
1664453513.14,1664453513.577
1664453523.506,1664453523.96
1664453533.842,1664453534.398
1664453544.188,1664453544.536
1664453554.818,1664453555.22
1664453565.153,1664453565.639
1664453575.495,1664453575.878
1664453585.838,1664453586.509
1664453596.216,1664453596.64
1664453606.585,1664453607.198
1664453616.957,1664453617.398
1664453627.303,1664453627.717
1664453637.651,1664453638.038
1664453647.994,1664453648.5
1664453658.336,1664453658.735
1664453668.68,1664453669.242
1664453679.021,1664453679.417
1664453689.387,1664453689.778
1664453699.706,1664453700.121
1664453710.06,1664453710.416
1664453720.413,1664453720.778
1664453730.772,1664453731.183
1664453741.126,1664453741.603
1664453751.482,1664453752.097
1664453761.9,1664453762.216
1664453772.261,1664453772.725
1664453782.617,1664453783.002
1664453792.959,1664453793.691
1664453803.615,1664453804.12
1664453813.977,1664453814.398
1664453824.362,1664453824.758
1664453834.714,1664453835.075
1664453845.079,1664453845.456
1664453855.428,1664453855.888
1664453865.776,1664453866.16
1664453876.13,1664453876.457
1664453886.499,1664453886.987
1664453896.866,1664453897.32
1664453907.225,1664453907.582
1664453917.593,1664453917.938
1664453927.937,1664453928.342
1664453938.288,1664453938.769
1664453948.656,1664453949.043
1664453958.986,1664453959.423
1664453969.484,1664453969.886
1664453979.859,1664453980.263
1664453990.215,1664453990.706
1664454000.59,1664454000.999
1664454010.999,1664454011.399
1664454021.337,1664454021.824
1664454031.699,1664454032.057
1664454042.07,1664454042.482
1664454052.674,1664454053.043
1664454063.105,1664454063.584
1664454073.451,1664454073.843
1664454083.814,1664454084.449
1664454094.151,1664454094.542
1664454104.492,1664454104.881
1664454114.845,1664454115.275
1664454125.182,1664454125.608
1664454135.645,1664454136.085
1664454145.882,1664454146.364
1664454156.223,1664454156.824
1664454166.566,1664454166.983
1664454176.907,1664454177.303
1664454187.274,1664454187.849
1664454197.633,1664454198.247
1664454207.984,1664454208.863
1664454218.304,1664454218.682
1664454228.654,1664454229.027
1664454238.997,1664454239.403
1664454249.335,1664454249.657
1664454259.697,1664454260.1
1664454270.045,1664454270.602
1664454280.396,1664454280.802
1664454290.757,1664454291.184
1664454301.326,1664454301.678
1664454311.712,1664454312.064
1664454322.055,1664454322.466
1664454332.452,1664454332.904
1664454342.784,1664454343.203
1664454353.144,1664454353.502
1664454363.56,1664454363.991
1664454373.939,1664454374.524
1664454384.29,1664454384.705
1664454394.639,1664454395.124
1664454404.982,1664454405.665
1664454415.371,1664454415.848
1664454425.714,1664454426.083
1664454436.071,1664454436.505
1664454446.444,1664454446.822
1664454456.809,1664454457.226
1664454467.168,1664454467.852
1664454477.523,1664454477.923
1664454487.883,1664454488.346
1664454498.234,1664454498.647
1664454508.605,1664454509.063
1664454518.968,1664454519.521
1664454529.304,1664454529.707
1664454539.67,1664454540.168
1664454550.293,1664454550.724
1664454560.659,1664454561.208
1664454571.001,1664454571.363
1664454581.336,1664454581.747
1664454591.682,1664454592.087
1664454602.094,1664454602.488
1664454612.42,1664454612.869
1664454622.779,1664454623.168
1664454633.14,1664454633.568
1664454643.457,1664454643.919
1664454653.806,1664454654.204
1664454664.157,1664454664.526
1664454674.501,1664454674.866
1664454684.837,1664454685.264
1664454695.189,1664454695.583
1664454705.514,1664454705.864
1664454715.855,1664454716.181
1664454726.228,1664454726.767
1664454736.597,1664454736.987
1664454746.928,1664454747.47
1664454757.28,1664454757.714
1664454767.626,1664454768.065
1664454777.959,1664454778.327
1664454788.485,1664454788.932
1664454798.963,1664454799.617
1664454809.303,1664454809.807
1664454819.668,1664454820.048
1664454830.032,1664454830.468
1664454840.357,1664454840.97
1664454850.701,1664454851.351
1664454861.048,1664454861.595
1664454871.392,1664454872.081
1664454881.735,1664454882.127
1664454892.093,1664454892.484
1664454902.527,1664454902.947
1664454912.832,1664454913.293
1664454923.18,1664454923.528
1664454933.533,1664454933.967
1664454943.869,1664454944.347
1664454954.226,1664454954.731
1664454964.571,1664454964.927
1664454974.902,1664454975.326
1664454985.261,1664454985.974
1664454995.596,1664454996.008
1664455005.942,1664455006.39
1664455016.29,1664455016.751
1664455026.643,1664455027.282
1664455037.025,1664455037.569
1664455047.71,1664455048.25
1664455058.051,1664455058.504
1664455068.453,1664455068.911
1664455078.755,1664455079.086
1664455089.105,1664455089.47
1664455099.474,1664455099.867
1664455109.799,1664455110.145
1664455120.193,1664455120.909
1664455130.526,1664455130.957
1664455140.876,1664455141.421
1664455151.224,1664455151.651
1664455161.559,1664455161.947
1664455171.919,1664455172.308
1664455182.26,1664455182.827
1664455192.601,1664455193.011
1664455203.037,1664455203.553
1664455213.371,1664455213.751
1664455223.724,1664455224.117
1664455234.062,1664455234.514
1664455244.396,1664455244.828
1664455254.748,1664455255.128
1664455265.075,1664455265.453
1664455275.42,1664455275.829
1664455285.768,1664455286.167
1664455296.364,1664455296.753
1664455306.722,1664455307.11
1664455317.109,1664455317.567
1664455327.425,1664455327.875
1664455337.794,1664455338.212
1664455348.139,1664455348.491
1664455358.494,1664455358.869
1664455368.847,1664455369.269
1664455379.187,1664455379.653
1664455389.518,1664455390.029
1664455399.861,1664455400.185
1664455410.203,1664455410.575
1664455420.55,1664455420.909
1664455430.913,1664455431.329
1664455441.259,1664455441.651
1664455451.658,1664455452.06
1664455461.992,1664455462.41
1664455472.391,1664455472.949
1664455482.756,1664455483.171
1664455493.078,1664455493.517
1664455503.5,1664455503.89
1664455513.83,1664455514.253
1664455524.3,1664455524.67
1664455534.663,1664455535.051
1664455545.282,1664455545.7
1664455555.615,1664455555.987
1664455565.975,1664455566.423
1664455576.334,1664455576.729
1664455586.702,1664455587.111
1664455597.054,1664455597.652
1664455607.42,1664455607.795
1664455617.759,1664455618.169
1664455628.106,1664455628.539
1664455638.458,1664455638.827
1664455648.829,1664455649.433
1664455659.169,1664455659.531
1664455669.541,1664455669.89
1664455679.865,1664455680.211
1664455690.216,1664455690.551
1664455700.626,1664455701.036
1664455710.907,1664455711.331
1664455759.105,1664455759.553
1664455769.746,1664455770.15
1664455780.318,1664455780.713
1664455790.925,1664455791.333
1664455801.322,1664455801.724
1664455811.618,1664455812.041
1664455821.985,1664455822.495
1664455832.317,1664455832.761
1664455842.662,1664455843.035
1664455853.016,1664455853.411
1664455863.387,1664455864.05
1664455873.72,1664455874.055
1664455884.158,1664455884.596
1664455894.521,1664455894.914
1664455904.906,1664455905.254
1664455915.24,1664455915.573
1664455925.606,1664455925.974
1664455935.97,1664455936.352
1664455946.313,1664455946.734
1664455956.662,1664455957.265
1664455966.989,1664455967.398
1664455977.417,1664455977.898
1664455987.689,1664455988.127
1664455998.032,1664455998.453
1664456008.386,1664456008.838
1664456018.838,1664456019.291
1664456029.18,1664456029.596
1664456039.748,1664456040.137
1664456050.107,1664456050.472
1664456060.449,1664456060.811
1664456070.794,1664456071.137
1664456081.135,1664456081.553
1664456091.488,1664456091.957
1664456101.841,1664456102.296
1664456112.203,1664456112.691
1664456122.607,1664456122.914
1664456132.954,1664456133.337
1664456143.313,1664456143.731
1664456153.734,1664456154.179
1664456164.016,1664456164.459
1664456174.377,1664456174.818
1664456184.721,1664456185.181
1664456195.052,1664456195.663
1664456205.396,1664456205.794
1664456215.753,1664456216.156
1664456226.098,1664456226.699
1664456236.455,1664456236.919
1664456246.815,1664456247.175
1664456257.167,1664456257.535
1664456267.53,1664456267.953
1664456277.851,1664456278.279
1664456288.459,1664456288.852
1664456298.828,1664456299.218
1664456309.229,1664456309.655
1664456319.578,1664456319.953
1664456329.943,1664456330.342
1664456340.309,1664456340.699
1664456350.64,1664456351.058
1664456361.017,1664456361.526
1664456371.346,1664456372.015
1664456381.696,1664456382.097
1664456392.064,1664456392.474
1664456402.567,1664456403.04
1664456412.971,1664456413.359
1664456423.326,1664456423.758
1664456433.688,1664456434.059
1664456444.034,1664456444.478
1664456454.384,1664456455.02
1664456464.81,1664456465.235
1664456475.174,1664456475.576
1664456485.507,1664456485.929
1664456495.852,1664456496.237
1664456506.211,1664456506.597
1664456516.558,1664456516.901
1664456526.924,1664456527.318
1664456537.51,1664456537.876
1664456547.867,1664456548.195
1664456558.21,1664456558.557
1664456568.552,1664456568.94
1664456578.922,1664456579.301
1664456589.285,1664456589.784
1664456599.694,1664456600.078
1664456610.036,1664456610.433
1664456620.388,1664456620.986
1664456630.724,1664456631.077
1664456641.088,1664456641.522
1664456651.433,1664456651.897
1664456661.825,1664456662.182
1664456672.172,1664456672.583
1664456682.514,1664456682.813
1664456692.86,1664456693.363
1664456703.277,1664456703.65
1664456713.65,1664456714.167
1664456723.991,1664456724.643
1664456734.329,1664456734.742
1664456744.669,1664456745.101
1664456755.016,1664456755.479
1664456765.387,1664456765.845
1664456775.741,1664456776.242
1664456786.32,1664456786.737
1664456796.688,1664456797.103
1664456807.123,1664456807.665
1664456817.482,1664456817.904
1664456827.83,1664456828.203
1664456838.219,1664456838.722
1664456848.607,1664456848.997
1664456858.96,1664456859.463
1664456869.324,1664456869.722
1664456879.672,1664456880.061
1664456890.012,1664456890.432
1664456900.376,1664456900.944
1664456910.759,1664456911.105
1664456921.097,1664456921.423
1664456931.465,1664456931.843
1664456941.834,1664456942.243
1664456952.181,1664456952.526
1664456962.542,1664456962.902
1664456972.921,1664456973.69
1664456983.27,1664456983.748
1664456993.643,1664456994.062
1664457004.074,1664457004.523
1664457014.598,1664457015.062
1664457024.946,1664457025.362
1664457035.55,1664457035.985
1664457046.159,1664457046.706
1664457056.305,1664457056.954
1664457066.648,1664457067.169
1664457076.995,1664457077.382
1664457087.351,1664457087.762
1664457097.704,1664457098.162
1664457108.052,1664457108.465
1664457118.399,1664457118.982
1664457128.732,1664457129.261
1664457139.096,1664457139.463
1664457149.443,1664457149.855
1664457159.877,1664457160.304
1664457170.208,1664457170.623
1664457180.624,1664457181.042
1664457190.988,1664457191.55
1664457201.332,1664457201.704
1664457211.673,1664457212.167
1664457222.048,1664457222.445
1664457232.384,1664457232.766
1664457242.763,1664457243.126
1664457253.113,1664457253.628
1664457263.462,1664457263.923
1664457273.891,1664457274.511
1664457284.438,1664457284.801
1664457294.82,1664457295.605
1664457305.233,1664457305.787
1664457315.56,1664457316.182
1664457325.898,1664457326.288
1664457336.261,1664457336.656
1664457346.604,1664457347.068
1664457356.959,1664457357.408
1664457367.303,1664457367.811
1664457377.679,1664457378.104
1664457388.021,1664457388.383
1664457398.368,1664457398.802
1664457408.715,1664457409.164
